"FILM_ID";"FILM_NAME";"PROD_YEAR";"MADEIN";"STUDIA";"STARTDATE";"AGE_RESTR";"GENRE";"MDIRECTOR"
"111000116";"Статус: ""Свободен""";"2015";"Россия";;"2016-01-21 00:00:00";16;"комедия, мелодрама";"П.Руминов"
"111000416";"Герой (2015)";"2015";"Россия";;"2016-03-31 00:00:00";12;"военный, драма";"Ю.Васильев"
"111000816";"Ставка на любовь";"2015";"Россия";;"2016-02-11 00:00:00";12;"комедия, мелодрама";"А.Михалков"
"111000915";"Горе от ума.";"1952";"СССР";;;;;"С.Алексеев, В.Войтецкий"
"111001115";"ОХРАНА";"2015";"Россия";;"2016-03-31 00:00:00";16;"драма, комедия";"А.Прошкин"
"111001116";"8 лучших свиданий";"2016";"Россия";;"2016-03-03 00:00:00";12;"комедия, мелодрама";"М.Бальчюнас"
"111004516";"Пятница (2016)";"2016";"Россия";;"2016-02-25 00:00:00";16;"комедия";"Е.Шелякин"
"111004716";"Супербобровы";"2015";"Россия";;"2016-03-17 00:00:00";12;"комедия, фантастика";"Д.Дьяченко"
"111004916";"Помню - не помню!";"2016";"Россия";;"2016-03-31 00:00:00";12;"комедия";"В.Ровенский"
"111005016";"Маршрут построен";"2016";"Россия";;"2016-03-31 00:00:00";16;"триллер, ужасы";"О.Асадулин"
"111005116";"Контрибуция (короткая версия)";"2015";"Россия";;"2016-03-17 00:00:00";12;"детектив, исторический";"С.Снежкин"
"111006116";"Хардкор";"2015";"Россия";;"2016-04-07 00:00:00";18;"боевик, фантастика";"И.Найтшуллер"
"111008415";"No comment (Нет комментариев)";"2014";"Россия";;"2015-12-17 00:00:00";16;"драма";"А.Темников"
"111009415";"Райские кущи";"2015";"Россия";;"2015-11-26 00:00:00";;;"А.Аравин, А.Прошкин"
"111009715";"Зеленая Карета";"2015";"Россия";;"2015-11-26 00:00:00";;;"С.Комаров, О.Асадулин"
"111010015";"Синдром Петрушки";"2015";"Россия";;"2015-11-05 00:00:00";16;"драма";"Е.Хазанова"
"111010215";"Тряпичный союз";"2014";"Россия";;"2016-03-03 00:00:00";18;"драма, комедия";"М.Местецкий"
"111010315";"Без границ";"2015";"Россия";;"2015-10-22 00:00:00";;;"Р.Гигинеишвили, К.Оганисян, Р.Прыгунов"
"111010510";"Вишневый сад.";"1993";"Россия";;;;;"А.Чернакова"
"111010515";"Пингвин нашего времени";"2015";"Россия, Германия";;"2015-11-19 00:00:00";;;"Штефан Кромер"
"111010715";"Милый Ханс, дорогой Петр";"2015";"Россия, Германия, Великобритания";;"2016-03-10 00:00:00";18;"драма";"А.Миндадзе"
"111011115";"Переводчик.";"2015";"Россия";;"2015-11-12 00:00:00";;;"А.Нужный"
"111011317";"Затмение";"2017";"Россия";"ООО ""КИНОДАНЦ""";;;;"И.Кордзаия, В.Лисневский"
"111011515";"Вакантна жизнь шеф-повара";"2015";"Россия";;"2016-03-10 00:00:00";16;"драма, триллер, фантастика";"Р.Ильясов"
"111013914";"Саранча.";"2014";"Россия";;"2015-11-05 00:00:00";;;"Е.Баранов.  "
"111014214";"Исповедь Z@drota";"2014";"Россия";;"2016-03-10 00:00:00";18;"драма";"К.Шипенко"
"111014613";"Иван Царевич и Серый Волк 2";"2013";"Россия";;"2013-12-26 00:00:00";0;;"В.Торопчин"
"111014914";"8 новых свиданий";"2014";"Россия";;"2015-01-01 00:00:00";;;"М.Бальчюнас"
"111016615";"Pro любовь";"2015";"Россия";;"2015-12-10 00:00:00";;;"А.Меликян"
"111016915";"Война полов";"2015";"Россия";;"2015-10-22 00:00:00";;;"К.Кузин"
"111017115";"Срочно выйду замуж";"2015";"Россия";;"2015-12-31 00:00:00";16;"комедия, мелодрама";"С Чекалов"
"111017315";"Воин (2015)";"2015";"Россия";;"2015-10-01 00:00:00";;;"А.Андрианов"
"111017415";"Неуловимые: последний герой";"2015";"Россия";;"2015-10-29 00:00:00";;;"А.Аксененко"
"111017615";"Родина .";"2015";"Россия";;"2015-10-15 00:00:00";18;;"П.Буслов"
"111017815";"Самый Лучший День";"2015";"Россия";;"2015-12-24 00:00:00";16;"комедия, музыкальный";"А.Першин (псевдоним Ж.Крыжовников)"
"111017915";"Он - Дракон";"2015";"Россия";;"2015-12-03 00:00:00";0;"фэнтези";"И.Джендубаев"
"111018215";"Норвег";"2015";"Россия";;"2015-12-17 00:00:00";12;"комедия";"Е.Константинова (псевдоним Алена Званцева)"
"111018415";"Страна чудес";"2015";"Россия";;"2016-01-01 00:00:00";12;"комедия, фантастика";"Д.Дьяченко"
"111018615";"Училка";"2015";"Россия";;"2015-11-26 00:00:00";;;"А.Петрухин"
"111018915";"Млечный путь (2015)";;"Россия";"ООО ""ПРОДАКШН ВЭЛЬЮ ВОРЛД ВАЙД"" . Театральный  - ООО ""ДВАДЦАТЫЙ ВЕК ФОКС СНГ"" до 31.12.2016 по договору б/н от 01.09.2015  Запрет на совершение рег. действ. Постановление от 13.06.2017 судебного пристава-исполнителя М.В.Бондаря Черемушкинского ОСП УФССП России по Москве.";"2016-01-01 00:00:00";12;"комедия";"А.Матисон"
"111019315";"Иерей-Сан. Исповедь самурая";"2015";"Россия";;"2015-11-26 00:00:00";12;"боевик, драма";"Е.Баранов"
"111019415";"Страна Оз";"2015";"Россия";;"2015-12-03 00:00:00";16;"комедия";"В.Сигарев"
"111019815";"Холодный Фронт";"2015";"Россия";;"2016-01-14 00:00:00";16;"мелодрама, триллер";"Р.Волобуев"
"111019915";"SOS, ДЕД МОРОЗ ИЛИ ВСЁ СБУДЕТСЯ!";"2015";"Россия";;"2015-12-10 00:00:00";6;"комедия";"А.Геворгян"
"111020415";"День выборов 2";"2015";"Россия";;"2016-02-18 00:00:00";12;"комедия";"А.Баршак"
"111020615";"Мафия: игра на выживание";"2015";"Россия";;"2016-01-01 00:00:00";16;"боевик, фантастика";"С.Андреасян"
"111020715";"УРОКИ ВЫЖИВАНИЯ";"2015";"Россия";;"2016-03-24 00:00:00";6;"комедия, приключения";"А.Томашевский"
"111020815";"30 свиданий";"2015";"Россия";;"2016-02-04 00:00:00";16;"комедия, мелодрама";"Т.Игуменцева"
"111021015";"Голоса большой страны";"2015";"Россия";;"2016-01-07 00:00:00";6;"комедия, мелодрама, музыкальный";"Т.Мамедов"
"111021115";"Чемпионы: Быстрее. Выше. Сильнее";"2015";"Россия";;"2016-02-18 00:00:00";6;"драма";"А.Аксененко"
"111021415";"Контрибуция";"2015";"Россия";;"2016-03-17 00:00:00";12;"детектив, исторический";"С.Снежкин"
"111023214";"Ангелы Революции";"2014";"Россия";;"2015-11-05 00:00:00";16;"драма";"А.Федорченко"
"111023614";"14+";"2014";"Россия";;"2015-10-08 00:00:00";;;"А.Зайцев"
"111023908";"Дядюшкин сон";"1966";"СССР";;;;;"К.Воинов"
"114000116";"МУЛЬТ в кино. Выпуск № 24";"2015-2016";"Россия";;"2016-02-06 00:00:00";;;"А.Миронов, Е.Головин, Е.Савчук, Р.Верещак, Е.Салабай, Е.Чернова, А.Бахурин"
"114000216";"МУЛЬТ в кино. Выпуск № 25";"2015-2016";"Россия";;"2016-02-20 00:00:00";;;"А.Миронов, Е.Головин, Е.Савчук, Р.Верещак и др."
"114000316";"МУЛЬТ в кино. Выпуск № 26";"2016";"Россия";;"2016-03-05 00:00:00";;;"А.Миронов, Е.Головин, Р.Верещак, Е.Салабай, В.Бедошвили, Е. Чернова, А.Бахурин, А.Соколов"
"114000616";"МУЛЬТ в кино. Выпуск № 27";"2016";"Россия";;"2016-03-19 00:00:00";;;"А.Миронов, Е.Головин, Р.Верещак и др."
"114001715";"Савва. Сердце воина";"2015";"Россия";;"2015-11-12 00:00:00";6;;"М.Фадеев"
"114002815";"Смешарики. Легенда о золотом драконе";"2015";"Россия";;"2016-03-17 00:00:00";0;"анимационный, комедия, приключения";"Д.Чернов"
"114003015";"Крепость. Щитом и мечом";"2015";"Россия";;"2015-10-29 00:00:00";6;;"Ф.Дмитриев"
"114003115";"МУЛЬТ в кино. Выпуск № 17";"2015";"Россия";;"2015-10-31 00:00:00";;;"Е.Салабай, В.Пономарёв, А.Миронов, И.Пшонкин, А.Рубецкой, Н.Харина, Е.Чернова, А.Бахурин, О.Ужинов"
"114003215";"МУЛЬТ в кино. Выпуск № 18";"2015";"Россия-Кипр";"ООО ""Мульт в кино""";"2015-11-14 00:00:00";;;"Е.Салабай, В.Пономарёв, А.Миронов, Е.Головин, А.Бахурин"
"114003415";"МУЛЬТ в кино. Выпуск № 19";"2015";"Россия-Кипр";;"2015-11-28 00:00:00";;;"Е.Салабай, А.Миронов, Е.Головин, А.Борисова и др."
"114003515";"МУЛЬТ в кино. Выпуск № 20";"2015";"Россия";;"2015-12-12 00:00:00";;;"М.Вартанян, Е.Головин, А.Миронов, О.Шепляков, А.Борисова, Е.Шабанова"
"114003516";"СНЕЖНАЯ КОРОЛЕВА 3. ОГОНЬ И ЛЁД";"2016";"Россия";;"2016-12-29 00:00:00";0;"анимационный, комедия, приключения";"А.Цицилин"
"114003615";"Крякнутые каникулы";"2016";"Россия";;"2016-02-18 00:00:00";6;"анимационный, комедия, приключения";"В.Лакисов"
"114003715";"Богатырша";"2015";"Россия";;"2016-01-01 00:00:00";6;"анимационный";"О.Лопато"
"114003815";"МУЛЬТ в кино. Выпуск № 21";"2015";"Россия";;"2015-12-26 00:00:00";;;"А.Миронов, Р.Верещак, А.Грибков, А.Соколов и др."
"114003915";"МУЛЬТ в кино. Выпуск № 22";"2015";"Россия";;"2016-01-09 00:00:00";;;"Е.Салабай, Р.Верещак, Е.Головин, А.Миронов, Е.Савчук, Р.Газизов, Е.Шабанова"
"114004015";"МУЛЬТ в кино. Выпуск № 23";"2015";"Россия";;"2016-01-23 00:00:00";;;"А.Миронов, К.Кравченко, Е.Головин, Е.Савчук, А.Соколов, Р.Верещак, Е.Салабай"
"114004115";"Иван Царевич и Серый Волк 3";"2015";"Россия";;"2016-01-01 00:00:00";6;"анимационный, приключения";"Д.Шмидт"
"117900116";"TheatreHD: БТ: Укрощение строптивой";"2016";"Россия";"CoolConnections";"2016-02-12 00:00:00";;;
"117900215";"TheatreHD: БТ: Жизель";"2015";"Россия";"CoolConnections";"2015-10-11 00:00:00";;;
"117900216";"TheatreHD: ЗМ: Дон Жуан";"2016";"Россия";"CoolConnections";"2016-02-12 00:00:00";;;
"117900315";"TheatreHD: БТ: Дама с камелиями";"2016";"Россия";"CoolConnections";"2016-02-17 00:00:00";;;
"117900415";"TheatreHD: Щелкунчик";"2015";"Россия";"CoolConnections";"2015-12-20 00:00:00";;;
"117900416";"TheatreHD: ЗМ: Татьяна";"2016";"Россия";"CoolConnections";"2016-03-10 00:00:00";;;
"117900516";"Театральная Россия: Питер Пэн";"2016";"Россия";;"2016-02-13 00:00:00";;;
"117900616";"Театральная Россия: Мадемаузель Нитуш";"2016";"Россия";;"2016-02-17 00:00:00";;;
"117904213";"TheatreHD: БТ: Спартак";"2016";"Россия";"CoolConnections";"2016-02-17 00:00:00";;;
"117904316";"Театральная Россия: Пристань";"2016";"Россия";;"2016-03-05 00:00:00";;;
"117904416";"Театральная Россия: Пять вечеров";"2016";"Россия";;"2016-03-16 00:00:00";;;
"117904816";"Театральная Россия: Двое на качелях";"2016";"Россия";;"2016-04-06 00:00:00";;;
"121000116";"5-я волна";"2016";"США";;"2016-01-21 00:00:00";16;"боевик, приключения, триллер, фантастика";"Джей Блейксон"
"121000216";"И грянул шторм";"2016";"США";;"2016-02-04 00:00:00";12;"боевик, драма, исторический, триллер";"Крэйг Гиллеспи"
"121000300";"Куда приводят мечты";"1998";"США";;;;;"Винсент Уорд"
"121000316";"Кровь моей крови";"2015";"Италия - Франция - Швейцария";;"2016-01-21 00:00:00";0;"драма, исторический";"Марко Беллоккио"
"121000416";"Мученицы (2015)";"2015";"США";;"2016-02-04 00:00:00";18;"драма, триллер, ужасы";"Кевин Гетц, Майкл Гетц"
"121000516";"Новые приключения Аладдина";"2015";"Франция";;"2016-02-11 00:00:00";6;"комедия";"Артур Бензакен"
"121000616";"Игра на понижение";"2015";"США";;"2016-01-21 00:00:00";18;"биографический, драма, исторический, комедия";"Адам МакКей"
"121000716";"Дедушка легкого поведения";"2016";"США";;"2016-01-21 00:00:00";18;"комедия";"Дэн Мазер"
"121000814";"Нимфоманка. Фильм первый";"2013";"Дания-Франция-Бельгия-Германия-Великобритания";;;;;"Ларс фон Триер"
"121000816";"Последний обряд";"2015";"США-Великобритания";;"2016-01-21 00:00:00";18;"триллер, ужасы";"Уилл Кэнон"
"121000914";"Нимфоманка. Фильм второй";"2014";"Дания-Франция-Бельгия-Германия-Великобритания";;;;;"Ларс фон Триер"
"121000916";"Лес призраков";"2016";"США";;"2016-01-14 00:00:00";16;"детектив, триллер, ужасы";"Джейсон Зада"
"121001016";"13 часов: Тайные солдаты Бенгази";"2016";"США";;"2016-01-28 00:00:00";18;"боевик, военный, драма, исторический, триллер";"Майкл Бэй"
"121001116";"Зачетный препод 2";"2015";"Германия";;"2016-01-28 00:00:00";16;"комедия";"Бора Дагтекин"
"121001216";"Кукла (2016)";"2016";"США";;"2016-01-28 00:00:00";16;"детектив, триллер, ужасы";"Уильям Брент Белл"
"121001316";"Затерянный в Кантоне";"2014";"Франция - Дания - Швеция - КНР";;"2016-02-04 00:00:00";;;"Хонгки Ли, Монс Монссон"
"121001416";"Запретная Зона";"2015";"Германия";;"2016-02-18 00:00:00";18;"боевик, комедия, ужасы";"Маттиас Олоф Эйх"
"121001516";"Затмение (2015)";"2015";"Испания-Канада";;"2016-02-04 00:00:00";18;"детектив, драма, триллер";"Алехандро Аменабар"
"121001716";"Антиганг";"2015";"Великобритания-Франция";;"2016-02-04 00:00:00";16;"боевик, драма";"Бенжамин Роше"
"121001816";"В активном поиске (2016)";"2016";"США";;"2016-02-11 00:00:00";0;"комедия, мелодрама";"Кристиан Диттер"
"121001916";"Римские свидания";"2015";"США";;"2016-02-04 00:00:00";16;"комедия, мелодрама";"Элла Лемхаген"
"121002016";"Пятьдесят оттенков черного";"2016";"США";;"2016-02-04 00:00:00";18;"комедия";"Майкл Тиддес"
"121002116";"Дэдпул";"2016";"США - Канада";;"2016-02-11 00:00:00";18;"боевик, комедия, мелодрама, приключения, фантастика";"Тим Миллер"
"121002216";"Бруклин";"2015";"Ирландия - Великобритания - Канада";;"2016-02-04 00:00:00";16;"драма, мелодрама";"Джон Краули"
"121002316";"Анархисты";"2015";"Франция";;"2016-02-25 00:00:00";18;"драма";"Эли Важеман"
"121002516";"Разборка в Маниле";"2016";"США - Россия";;"2016-02-18 00:00:00";16;"боевик";"Марк Дакаскос"
"121002616";"Да здравствует Цезарь!";"2016";"США - Великобритания";;"2016-03-03 00:00:00";18;"детектив, комедия";"Джоэл Коэн, Итан Коэн"
"121002716";"Мистер Холмс";"2015";"Великобритания - США";;"2016-02-25 00:00:00";16;"детектив, драма";"Билл Кондон "
"121002816";"Клан (2015)";"2015";"Аргентина - Испания";;"2016-02-18 00:00:00";18;"биографический, драма, триллер";"Пабло Троперо"
"121002916";"Нина навсегда";"2015";"Великобритания";;"2016-02-25 00:00:00";18;"комедия, мелодрама, ужасы";"Бен Блейн, Крис Блейн"
"121003016";"Ошибка времени";"2014";"США";;"2016-03-03 00:00:00";0;"триллер, фантастика";"Брэдли Кинг"
"121003116";"В центре внимания";"2015";"США";;"2016-02-11 00:00:00";18;"драма, исторический";"Том МакКарти"
"121003216";"Мой король";"2015";"Франция";;"2016-02-18 00:00:00";18;"драма, мелодрама";"Майвенн Ле Беско"
"121003316";"Из тьмы";"2014";"США-Ирландия";;"2016-02-18 00:00:00";16;"ужасы";"Корин Харди"
"121003416";"Гордость и предубеждение и зомби";"2016";"США";;"2016-02-18 00:00:00";16;"боевик, мелодрама, ужасы";"Бёрр Стирс"
"121003516";"Образцовый самец 2";"2016";"США";;"2016-02-18 00:00:00";16;"комедия";"Бен Стиллер"
"121003615";"Золушка /По сказке Шарля Перро/. Холодное торжество";"2015";"США";;"2015-03-12 00:00:00";;;"Кеннет Брана"
"121003616";"Боги Египта";"2016";"США-Австралия";;"2016-02-25 00:00:00";16;"боевик, приключения, фэнтези";"Алекс Пройас"
"121003716";"Кэрол";"2015";"Великобритания - США";;"2016-03-10 00:00:00";18;"драма, мелодрама";"Тодд Хейнс"
"121003916";"Трамбо";"2015";"США";;"2016-02-18 00:00:00";18;"биографический, драма";"Джей Роуч"
"121004016";"По ту сторону двери";"2016";"Индия - Великобритания";;"2016-02-25 00:00:00";18;"ужасы";"Йоханнес Робертс"
"121004116";"Братья из Гримсби";"2016";"США";;"2016-03-10 00:00:00";18;"боевик, комедия, приключения";"Луи Летеррье"
"121004216";"Дивергент, глава 3: За стеной";"2016";"США";;"2016-03-10 00:00:00";16;"боевик, детектив, приключения, триллер, фантастика";"Роберт Швентке"
"121004316";"Чужая страна (2015)";"2015";"Австралия - Ирландия";;"2016-03-17 00:00:00";18;"детектив, драма, триллер";"Ким Фаррант"
"121004416";"Три девятки";"2016";"США";;"2016-03-03 00:00:00";18;"драма, триллер";"Джон Хиллкоут"
"121004516";"Джейн берет ружье";"2015";"США";;"2016-03-17 00:00:00";18;"боевик, вестерн, драма";"Гэвин О'Коннор"
"121004616";"Песнь заката";"2015";"Великобритания - Люксембург";;"2016-03-03 00:00:00";16;"драма";"Теренс Дэвис"
"121004716";"Миссия в Майами";"2016";"США";;"2016-03-31 00:00:00";16;"боевик, комедия";"Тим Стори"
"121004816";"Бэтмен против Супермена: На заре справедливости";"2016";"США";;"2016-03-24 00:00:00";16;"боевик, приключения, фантастика";"Зак Снайдер"
"121004916";"Падение Лондона";"2016";"США - Великобритания - Болгария";;"2016-03-17 00:00:00";16;"боевик, драма, триллер";"Бабак Наджафи"
"121005016";"Друзья (2015)";"2015";"Франция";;"2016-03-24 00:00:00";16;"комедия, мелодрама";"Луи Гаррель"
"121005116";"Лайф";"2015";"Великобритания - США - Германия - Канада - Австралия";;"2016-03-24 00:00:00";18;"биографический, драма";"Антон Корбейн"
"121005216";"Незваные гости (2015)";"2015";"США";;"2016-03-17 00:00:00";16;"драма, триллер, ужасы";"Адам Шиндлер"
"121005316";"Запрос в друзья";"2016";"Германия";;"2016-03-17 00:00:00";16;"триллер, ужасы";"Симон Ферхоэвен"
"121005516";"Кловерфилд, 10";"2016";"США";;"2016-03-31 00:00:00";16;"детектив, драма, триллер, ужасы, фантастика";"Дэн Трактенберг"
"121005712";"Голодные игры";"2012";"США";;;;;"Гэри Росс"
"121005916";"Колония Дигнидад";"2015";"Германия - Люксембург - Франция";;"2016-03-31 00:00:00";18;"драма, мелодрама, триллер";"Флориан Галленбергер"
"121006416";"Экстрасенсы";"2015";"США";;"2016-03-31 00:00:00";18;"детектив, драма, триллер";"Афонсо Пойарт"
"121006916";"Помнить";"2015";"Канада - Германия";;"2016-03-24 00:00:00";18;"драма, триллер";"Атом Эгоян"
"121007016";"Образцовые семьи";"2015";"Франция";;"2016-03-31 00:00:00";16;"драма, комедия";"Жан-Поль Раппно"
"121009615";"Безумный Макс: Дорога ярости";"2015";"США - Австралия";;"2015-05-14 00:00:00";;;"Джордж Миллер"
"121009715";"Разлом Сан-Андреас";"2015";"США";;"2015-05-28 00:00:00";;;"Брэд Пейтон"
"121010015";"Шпион_";"2015";"США";;"2015-06-04 00:00:00";;;"Пол Фиг"
"121010215";"Земля будущего";"2015";"США";;"2015-05-21 00:00:00";;;"Брэд Бёрд"
"121012815";"Эверест (2015)";"2015";"США";;"2015-09-24 00:00:00";;;"Бальтазар Кормакур"
"121014515";"Человек-муравей";"2015";"США";;"2015-07-16 00:00:00";;;"Пейтон Рид"
"121014815";"Лунная афера";"2015";"Франция";;"2016-02-25 00:00:00";18;"комедия";"Антуан Бардо-Жаке"
"121015215";"Багровый пик";"2015";"США - Канада";;"2015-10-15 00:00:00";;;"Гильермо дель Торо"
"121015315";"Визит (2015)";"2015";"США";;"2015-11-26 00:00:00";;;"М. Найт Шьямалан"
"121015915";"Агенты А.Н.К.Л";"2015";"США";;"2015-08-13 00:00:00";;;"Гай Ричи"
"121016214";"Зеленый ад.";"2013";"США - Чили";;"2015-11-05 00:00:00";;;"Илай Рот"
"121016315";"Марсианин.";"2015";"США";;"2015-10-08 00:00:00";;;"Ридли Скотт"
"121019015";"Стажёр";"2015";"США";;"2015-09-24 00:00:00";;;"Нэнси Мейерс"
"121019715";"Пэн: Путешествие в Нетландию";"2015";"США";;"2015-10-08 00:00:00";;;"Джо Райт"
"121019915";"Легенда (2015)";"2015";"Великобритания - Франция";;"2015-10-01 00:00:00";;;"Брайан Хелгеленд"
"121020115";"Шпионский мост";"2015";"США";;"2015-12-03 00:00:00";16;"драма, исторический, триллер";"Стивен Спилберг"
"121020215";"Прогулка (2015)";"2015";"США";;"2015-10-15 00:00:00";;;"Роберт Земекис"
"121020315";"Молодость";"2015";"Италия - Франция - Швейцария - Великобритания";;"2015-10-22 00:00:00";18;"драма, комедия, мелодрама, музыкальный";"Паоло Соррентино"
"121020415";"Новейший завет";"2015";"Бельгия - Франция - Люксембург";;"2015-11-12 00:00:00";16;"комедия, фэнтези";"Жако ван Дормель"
"121020615";"Инфекция: Фаза 2";"2015";"США";;"2015-11-05 00:00:00";;;"Джош Форбс"
"121020715";"Мустанг (2015)";"2015";"Франция - Германия - Турция - Катар";;"2015-10-15 00:00:00";;;"Дениз Гамзе Эргювен"
"121020815";"Скауты против зомби";"2015";"США";;"2015-10-29 00:00:00";;;"Кристофер Лэндон"
"121020915";"Паранормальное явление 5: Призраки в 3 D";"2015";"США";;"2015-10-22 00:00:00";;;"Грегори Плоткин"
"121021015";"Последний охотник на ведьм";"2015";"США";;"2015-10-29 00:00:00";;;"Брек Эйснер"
"121021115";"Дама в очках и с ружьем в автомобиле";"2015";"Франция - Бельгия";;"2015-10-22 00:00:00";;;"Жоанн Сфар"
"121021215";"Переправа. Часть 2";"2014";"Япония - КНР - Южная Корея";;"2015-10-22 00:00:00";;;"Джон Ву"
"121021315";"Демоны Джун";"2015";"США";;"2015-11-19 00:00:00";18;"ужасы, фантастика";"Л.Густаво Купер"
"121021415";"Чёрная месса";"2015";"США";;"2015-10-29 00:00:00";;;"Скотт Купер"
"121021515";"Город монстров";"2015";"США";;"2015-11-12 00:00:00";;;"Даррен Линн Боусман, Аксель Кэролин, Адам Гираш"
"121021615";"Голос улиц";"2015";"США";;"2015-11-12 00:00:00";;;"Ф.Гэри Грей"
"121021715";"007: Спектр";"2015";"США - Великобритания";;"2015-11-06 00:00:00";16;"боевик, приключения, триллер";"Сэм Мендес"
"121021815";"Ни минуты покоя";"2014";"Франция";;"2015-11-05 00:00:00";;;"Патрис Леконт"
"121021915";"Кто там";"2015";"США - Чили";"ООО ""Люксор Дистрибьюшн""";"2015-11-12 00:00:00";;;"Элай Рот"
"121022015";"Все могу";"2015";"США-Великобритания";"ООО ""Экспонента Плюс""";"2015-11-19 00:00:00";16;"комедия, фантастика";"Терри Джонс"
"121022115";"Тайна в их глазах";"2015";"США";"ООО ""Централ Партнершип Сейлз Хаус""";"2015-11-19 00:00:00";16;"детектив, драма, триллер";"Билли Рэй"
"121022415";"Голодные игры: Сойка-пересмешница. Часть 2";"2015";"США";"ООО ""Уолт Дисней Студиос Сони Пикчерс Релизинг""";"2015-11-19 00:00:00";16;"боевик, приключения, триллер, фантастика";"Френсис Лоуренс"
"121022515";"В сердце моря";"2015";"США";;"2015-12-03 00:00:00";12;"биографический, боевик, драма, исторический, приключения, триллер";"Рон Ховард"
"121022615";"Рок на Востоке";"2015";"США";"ООО ""МЕГОФИЛЬМ""";"2015-11-12 00:00:00";;;"Барри Левинсон"
"121022715";"Шеф Адам Джонс";"2015";"США";"ООО ""МЕГОФИЛЬМ""";"2015-11-12 00:00:00";18;"драма, комедия";"Джон Уэллс"
"121022815";"Виктор Франкенштейн";"2015";"США";"ООО ""Двадцатый Век Фокс СНГ""";"2015-11-26 00:00:00";16;"драма, триллер, ужасы, фантастика";"Пол МакГиган"
"121022915";"Скорость: Автобус 657";"2015";"США";"ООО ""Дистрибуционная кинокомпания ""Парадиз""";"2015-11-12 00:00:00";;;"Скотт Манн"
"121023015";"Любовь без обязательств";"2015";"США";;"2015-12-10 00:00:00";18;"драма, комедия, мелодрама";"Лесли Хэдланд"
"121023115";"Рюдзо и семеро бойцов";"2015";"Япония";;"2015-11-19 00:00:00";;;"Такеши Китано"
"121023215";"Жертвуя пешкой";"2014";"США";"ООО ""ВОЛЬГАФИЛЬМ""";"2015-11-19 00:00:00";16;"биографический, драма";"Эдвард Цвик"
"121023315";"Стив Джобс";"2015";"США";;"2016-01-01 00:00:00";18;"биографический, драма";"Дэнни Бойл"
"121023415";"Макбет (2015)";"2015";"Великобритания-США-Франция";;"2015-11-26 00:00:00";0;"военный, драма";"Джастин Курзель"
"121023515";"Крампус";"2015";"США";;"2016-01-01 00:00:00";16;"комедия, ужасы, фэнтези";"Майкл Догерти"
"121023614";"Superнянь";"2014";"Франция";;;;;"Николас Бенаму, Филипп Лашо"
"121023615";"Охота на монстра";"2015";"Китай-Гонконг";;"2015-12-10 00:00:00";;;"Раман Хюи"
"121023715";"Убийца (2015)";"2015";"США";;"2015-11-26 00:00:00";;;"Деннис Виллануэве"
"121023815";"Superнянь 2";"2015";"Франция";;"2015-12-03 00:00:00";16;"комедия";"Николас Бенаму, Филипп Лашо"
"121023915";"45 лет";"2015";"Великобритания";;"2015-12-03 00:00:00";16;"драма, мелодрама";"Эндрю Хэй"
"121024015";"Ужастики";"2015";"США - Австралия";;"2015-12-03 00:00:00";;;"Роб Леттерман"
"121024115";"Ма Ма";"2015";"Испания - Франция";;"2015-12-03 00:00:00";18;"драма";"Хулио Медем"
"121024215";"Волна";"2015";"Норвегия";;"2015-12-10 00:00:00";;;"Роар Утхауг"
"121024315";"Дипан";"2015";"Франция";;"2015-12-03 00:00:00";;;"Жак Одиар"
"121024415";"Костяной томагавк";"2015";"США";;"2015-12-10 00:00:00";18;"вестерн, драма, приключения, ужасы";"С. Крэйг Залер"
"121024515";"Убей своих друзей";"2015";"Великобритания";;"2015-12-10 00:00:00";;;"Оуэн Харрис"
"121024615";"На гребне волны (2015)";"2015";"США - Германия - КНР";;"2015-12-24 00:00:00";16;"боевик, триллер";"Эриксон Кор"
"121024715";"Любите Куперов";"2015";"США";;"2015-12-10 00:00:00";16;"комедия";"Джесси Нельсон"
"121024815";"Тронутые (2014)";"2014";"США";;"2016-03-24 00:00:00";16;"драма, комедия";"Грен Уэллс"
"121024915";"Звёздные войны: Пробуждение силы";"2015";"США";;"2015-12-17 00:00:00";12;"боевик, приключения, фантастика, фэнтези";"Джей Джей Абрамс"
"121025115";"Здравствуй, папа, Новый год";"2015";"США";;"2016-01-07 00:00:00";12;"комедия";"Шон Андерс"
"121025215";"Девушка из Дании";"2015";"США - Великобритания - Германия - Бельгия - Дания";;"2016-01-28 00:00:00";18;"биографический, драма, мелодрама";"Том Хупер"
"121025415";"Театр призраков";"2015";"Япония";;"2016-02-11 00:00:00";18;"ужасы";"Хидео Наката"
"121025515";"Строго на Запад";"2015";"Великобритания - Новая Зеландия";;"2016-01-21 00:00:00";16;"вестерн, драма, триллер";"Джон Маклин"
"121025615";"Телохранитель (2015)";"2015";"Франция - Бельгия";;"2016-01-14 00:00:00";16;"драма, триллер";"Алис Винокур"
"121025715";"Крид: Наследие Рокки";"2015";"США";;"2016-01-14 00:00:00";16;"драма";"Райан Куглер"
"121025815";"Сёстры (2015)";"2015";"США";;"2016-01-14 00:00:00";;;"Джейсон Мур"
"121025915";"Спасение (2015)";"2015";"Канада";;"2015-12-24 00:00:00";;;"Стивен С.Миллер"
"121026015";"Омерзительная восьмерка";"2015";"США";;"2016-01-14 00:00:00";18;"вестерн, детектив, драма, триллер";"Квентин Тарантино"
"121026115";"Лазурный берег";"2015";"США - Франция";;"2016-02-11 00:00:00";18;"драма, мелодрама";"Анджелина Джоли"
"121026215";"Выживший (2015)";"2015";"США";;"2016-01-07 00:00:00";18;"вестерн, драма, приключения, триллер";"Алехандро Гонсалес Иньярриту"
"121026315";"Джой (2015)";"2015";"США";;"2016-01-21 00:00:00";16;"драма";"Дэвид О.Рассел"
"121026414";"Голодные игры: Сойка-пересмешница. Часть 1";"2014";"США";;;;;"Френсис Лоуренс"
"121026415";"Элвин и бурундуки: Грандиозное бурундуключение";"2015";"США";;"2016-01-14 00:00:00";6;"анимационный, комедия, музыкальный, приключения, фэнтези";"Уолт Бекер"
"121026515";"Омерзительная восьмерка (2015)";"2015";"США";;"2016-01-14 00:00:00";18;"вестерн, детектив, драма, триллер";"Квентин Тарантино"
"121027613";"Голодные игры: И вспыхнет пламя";"2013";"США";;;;;"Френсис Лоуренс"
"121030014";"Пятьдесят оттенков серого /По произведению Э.Л.Джеймс/";"2015";"США";;"2015-02-12 00:00:00";;;"Сэм Тейлор-Джонсон"
"124000116";"Кунг-фу Панда 3";"2016";"США-КНР";;"2016-01-28 00:00:00";6;"анимационный, боевик, комедия, приключения, фэнтези";"Алессандро Карлони, Дженнифер Ю"
"124000216";"Медведи Буни: Таинственная зима";"2015";"КНР";;"2016-02-11 00:00:00";6;"анимационный, комедия";"Динг Лианг, Фуюань Лью"
"124000316";"Зверополис";"2016";"США";;"2016-03-03 00:00:00";6;"анимационный, детектив, комедия, приключения";"Рич Мур, Байрон Ховард"
"124000516";"Лунный флаг";"2015";"Испания";;"2016-03-24 00:00:00";6;"анимационный, комедия, приключения";"Энрике Гато"
"124000611";"Звездные воины: Путь сквозь Вселенную";"2010";"США-Китай";;;;;"Кеер Ху "
"124000716";"Белки в деле";"2015";"США";;"2016-03-24 00:00:00";0;"анимационный, комедия";"Росс Венокур"
"124000815";"Барашек Шон.";"2015";"Великобритания - Франция";;"2015-03-26 00:00:00";;;"Марк Бертон"
"124000816";"Король обезьян (2015)";"2015";"КНР";;"2016-03-17 00:00:00";6;"анимационный, боевик, комедия, приключения, фэнтези";"Тиан Сяо Пенг"
"124000911";"Кунг-фу Панда 2";"2011";"США";;;;;"Дженнифер Ю"
"124000916";"Короткометражные анимационные фильмы. Оскар 2016";"2008; 2014-2015";"США - Канада - Россия - Франция - Чили - Ирландия";;"2016-03-24 00:00:00";;;"П.Бар, К.Баркер, К.Бронзит, М.Демаре,  Ю.Жан, Ж.Журдан, П.-Б.Марти,  Г.Осорио, С.Патэль, М.Пилье, Б.Плимптон, Ж.Робин,  К.Роже, Ж.Солер, Н.Филан, Н.Форнер,  Д.Херцфельд, К.Ше"
"124001016";"Норм и Несокрушимые";"2016";"Индия - США";;"2016-03-24 00:00:00";6;"анимационный, комедия, приключения";"Тревор Уолл"
"124001715";"Миньоны";"2015";"США";;"2015-07-09 00:00:00";;;"Кайл Балда, Пьер Соффин"
"124002212";"Монстры на каникулах";"2012";"США";;;;;"Геннадий Тартаковский"
"124002315";"Головоломка.       Лава";"2015";"США";;"2015-06-18 00:00:00";;;"Пит Доктер, Роналдо Вуд Кармен"
"124003215";"Пернатая банда";"2015";"Мексика - США";;"2016-02-25 00:00:00";6;"анимационный, боевик, комедия, приключения";"Рикардо Арнаиз, Рауль Гарсиа, Майк Кункель"
"124003615";"Монстры на каникулах 2";"2015";"США";;"2015-10-22 00:00:00";;;"Геннадий Тартаковский"
"124003715";"Крутые яйца";"2015";"Мексика";;"2015-10-15 00:00:00";;;"Габриэль Рива Паласио Алатристе, Родольфо Рива Паласио Алатристе"
"124003815";"Приключения Пикси";"2015";"Канада";;"2015-10-29 00:00:00";;;"Шон Патрик О.Рейли"
"124004015";"Хороший динозавр. Санджай и его команда";"2015";"США";;"2015-11-26 00:00:00";12;"анимационный, драма, комедия, приключения, фэнтези";"Питер Сон"
"124004115";"Маленький принц (2015)";"2015";"Франция";;"2015-12-24 00:00:00";6;"анимационный, драма, приключения, фэнтези";"Марк Осборн"
"124004213";"Храброе сердце.";"2013";"Германия";;;;;"Томас Боденштайн, Хьюберт Вейланд, Нина Велс"
"124004215";"Снежная битва";"2015";"Канада";;"2015-12-10 00:00:00";6;"анимационный";"Франсуа Бриссон, Жан-Франсуа Пуле"
"124004315";"Снупи и мелочь пузатая в кино";"2015";"США";;"2015-12-24 00:00:00";0;"анимационный, комедия, приключения";"Стив Мартино"
"124004515";"Волшебное королевство Щелкунчика";"2015";"Перу";;"2015-12-31 00:00:00";0;"анимационный";"Эдуардо Шульдт"
"126000316";"Большой Вавилон";"2015";"Великобритания";;"2016-02-04 00:00:00";0;"документальный";"Ник Рид, сорежиссер Марк Франкетти"
"126000416";"Сборник короткометражных фильмов о любви - 3";"2009; 2011-2012; 2014";"США - Франция - Канада - Германия - Австралия - Индия";;"2016-02-11 00:00:00";;;"У.Грайнер, Д.Гротелл, Г.Мендеш, М.Ситер, А.Халискиас,  Ж.Хосмалин"
"126000516";"Сахар";"2014";"Австралия";;"2016-03-10 00:00:00";12;"документальный";"Дамон Гамо"
"126000616";"Короткометражные фильмы-номинанты на Оскар-2016";"2015";"Израиль - Франция - Германия - Палестина - США - Австрия - Великобритания";;"2016-02-25 00:00:00";;;"П.Воллрат, Д.Донахьюм, Б.Клеари, Б.Халил, Г.Хугхеш"
"126000715";"Джузеппе Верди. Травиата /По произведению А.Дюма-сына ""Дама с камелиями""/. Постановка Opera de Paris";"2014";"Германия";;;;;"Бенуа Жако"
"126000810";"Аида.";"2009";"Италия";;;;;"Феликс Брайзах"
"126001116";"Франкофония";"2015";"Франция - Германия - Нидерланды";;"2016-03-17 00:00:00";16;"документальный, драма, исторический";"Александр Сокуров"
"126001316";"Хичкок/Трюффо";"2015";"Франция - США";;"2016-03-31 00:00:00";0;"документальный";"Кент Джонс"
"126001512";"Гаэтано Доницетти. Анна Болейн /По пьесам Ипполито Пондемонто ""Генрих VIII, или Анна Болейн"" и Алессандро Пеполи ""Анна Болейн""/. Постановка Wiener Staatsoper";"2011";"Великобритания";;;;;"Эрик Геновеси"
"126001916";"Queen. Live in Bohemia";"2015";"Великобритания";;"2018-10-11 00:00:00";;;"Том Коркоран"
"126002215";"Джузеппе Верди. Дон Карлос /По драме Фридриха Шиллера ""Дон Карлос, инфант Испанский/. Постановка Зальцбургского фестиваля";"2013";"Германия";;;;;"Петер Штайн"
"126003615";"Флоренция и галерея Уффици 3D";"2015";"Италия";;"2015-12-11 00:00:00";;;"Лука Виотто"
"126003815";"Лучшие итальянские короткометражки";"2012-2013";"Италия";;;;;"А.Андризани, А.Бардани, В.Карнелутти, Ф.Коста,  Г.С.Нардис, В.Пальмьери, В.Чеа, А.Юлиано "
"126004214";"Джузеппе Верди. Трубадур /По одноименной драме А.Г.Гутьерреса/. Зальцбург, 2014";"2014";"Германия";;;;;"Филипп Штёльцль"
"127900114";"TheatreHD: Двенадцатая ночь";"2014";"Великобритания";"CoolConnections";"2014-05-09 00:00:00";16;;"Тим Кэрролл"
"127900116";"Шерлок: Безобразная невеста";"2016";"Великобритания";"CoolConnections";"2016-01-04 00:00:00";;;
"127900216";"TheatreHD: Искатели жемчуга";"2016";"США";"CoolConnections";"2016-01-14 00:00:00";;;
"127900316";"TheatreHD: Опасные связи";"2016";"Великобритания";"CoolConnections";"2016-01-28 00:00:00";;;
"127900414";"TheatreHD: Сон в летнюю ночь";"2014";"Великобритания";;;;;
"127900415";"TheatreHD: Трудная задача";"2016";"Великобритания";"CoolConnections";"2016-02-15 00:00:00";;;
"127900416";"TheatreHD: Как важно быть серьезным";"2016";"Великобритания";"CoolConnections";"2016-02-04 00:00:00";;;
"127900515";"TheatreHD: Человек и сверхчеловек";"2015";"Великобритания";"CoolConnections";"2015-05-14 00:00:00";16;;"Саймон Годвин"
"127900915";"TheatreHD: Аудиенция";"2016";"Великобритания";"CoolConnections";"2016-02-16 00:00:00";;;
"127901115";"TheatreHD:  Суровое испытание";"2016";"Великобритания";"CoolConnections";"2016-02-14 00:00:00";;;
"127901215";"TheatreHD: Частные жизни";"2016";"Великобритания";"CoolConnections";"2016-02-10 00:00:00";;;
"127901415";"TheatreHD: Комедия ошибок";"2016";"Великобритания";"CoolConnections";"2016-02-17 00:00:00";;;
"127901815";"TheatreHD: Трубадур";"2016";"США";"CoolConnections";"2016-02-13 00:00:00";;;
"127902015";"TheatreHD: Гамлет: Камбербэтч";"2015";"Великобритания";"CoolConnections";"2015-10-15 00:00:00";;;
"127902115";"TheatreHD: Метопера: Отелло";"2016";"США";"CoolConnections";"2016-02-16 00:00:00";;;
"127902515";"TheatreHD: Кориолан";"2015";"Великобритания";"CoolConnections";"2015-11-12 00:00:00";;;
"127902715";"TheatreHD: Лулу";"2015";"США";;"2015-11-21 00:00:00";;;
"127902915";"ROH: Зимняя сказка";"2016";"Великобритания";"CoolConnections";"2016-02-10 00:00:00";;;
"127903015";"TheatreHD: Призраки";"2016";"Великобритания";"CoolConnections";"2016-02-13 00:00:00";;;
"127903115";"TheatreHD: Джейн Эйр";"2016";"Великобритания";"CoolConnections";"2016-02-11 00:00:00";;;
"127903215";"TheatreHD: Волшебная флейта";"2015";"США";"CoolConnections";"2015-12-12 00:00:00";16;;"Джули Теймор"
"127903216";"TheatreHD: Турандот";"2016";"США";"CoolConnections";"2016-02-21 00:00:00";;;
"127903316";"TheatreHD: Как вам это понравится";"2016";"Великобритания";"CoolConnections";"2016-02-25 00:00:00";;;
"127903516";"TheatreHD: Палачи";"2016";"Великобритания";"CoolConnections";"2016-02-14 00:00:00";;;
"127903816";"TheatreHD: Манон Леско";"2016";"США";"CoolConnections";"2016-03-05 00:00:00";;;
"127905315";"Brainstorm: Между берегами";"2016";"Латвия";;"2016-03-10 00:00:00";;;
"127910216";"Любовь 3D";"2015";"Франция, Бельгия";;;;;"Г.Ноэ"
"127910516";"Imagine Dragons: Smoke + Mirrors ";"2016";;;"2016-03-03 00:00:00";;;
"127911216";"TheatreHD: Clobe: Буря";"2013";"Великобритания";;"2016-07-01 00:00:00";;;"Джереми Хэррин"
"127911316";"TheatreHD: Clobe: Доктор Фауст";"2011";"Великобритания";;"2016-07-01 00:00:00";;;"Мэттью Данстер"
"211035915";"Метаморфозис .";"2014-2015";"Россия";;;;;"С.Тарамаев, Л.Львова"
"211046015";"Дороги. Новая версия";"2015";"Россия";;;;;"А.Гаврилов"
"211052515";"Дети 90-х";"2015";"Россия";;"2015-11-12 00:00:00";;;"М.Юсупов"
"211059015";"Семейные хлопоты";"2015";"Россия";;"2016-03-10 00:00:00";;;"А.Барыкин"
"21132003";"Евгений Онегин";"1911";"Россия";;;;;"В.Гончаров"
"21198703";"Двое на качелях";"2003";"Россия";;;;;"Р.Солнцева"
"212028715";"БУКВАЛЬНАЯ ГЕОМЕТРИЯ";"2015";"Россия";;;;;"Е.Еременко"
"212040615";"БОСОНОГИЙ ГАРНИЗОН";"2015";"Россия";;;;;"В.Сапрынский"
"212044315";"Ян Карский - Праведник мира";"2015";"Россия, Польша, США";;"2016-02-04 00:00:00";0;"документальный";"Славомир Грюнберг"
"217007915";"Поворот_";"2015";"Россия";;;;;"А.Пирумов"
"221036315";"Танцующий в пустыне";"2014";"Великобритания - ОАЭ - Румыния - Марокко - Россия";;"2016-02-04 00:00:00";16;"биографический, драма";"Ричард Рэймонд"
"221061901";"Мадемуазель Нитуш";"1954";"Франция, Италия";;;;;"Ив Алегри"
"221290307";"Он и она";"1981";"Индия";;;;;"Виджай Ананд"
"224025112";"Золушка._";"1950";"США";;;;;"Гамильтон Ласки, Клайд Джероними, Уилфред Джексон"
"226014715";"Как изменить мир";"2015";"Канада - Великобритания";;"2015-11-26 00:00:00";;;"Джерри Ротуэлл"
