"HALL_ID";"THEATRE_ID";"HALL_NAME";"PLACES";"EXP_3D";"EXP_IMAX";"EXP_LASER";"EXP_DVD"
310;207;"Зал 1";340;"1";"0";"0";"0"
311;207;"Зал 2";115;"1";"0";"0";"0"
312;207;"Зал 3 VIP";34;"1";"0";"0";"0"
313;207;"Зал 4";240;"1";"0";"0";"0"
314;207;"Зал 5";122;"1";"0";"0";"0"
315;207;"Зал 6";122;"1";"0";"0";"0"
316;207;"Зал 7";114;"1";"0";"0";"0"
317;207;"Зал 8";97;"1";"0";"0";"0"
318;208;"Зал 1 Альфа";226;"1";"0";"0";"0"
319;208;"Зал 2 Бетта";140;"1";"0";"0";"0"
320;208;"Зал 3 Гамма";113;"1";"0";"0";"0"
321;208;"Зал 4 Дельта";77;"1";"0";"0";"0"
327;210;"Зал 1";252;"1";"0";"0";"0"
328;210;"Зал 2";252;"1";"0";"0";"0"
329;210;"Зал 3";153;"1";"0";"0";"0"
330;210;"Зал 4";265;"1";"0";"0";"0"
331;210;"Зал 5";265;"1";"0";"0";"0"
332;210;"Зал 6";169;"1";"0";"0";"0"
333;210;"Зал 7";224;"1";"0";"0";"0"
334;210;"Зал 8";297;"1";"0";"0";"0"
335;211;"БУРГЕР КИНГ";208;"1";"0";"0";"0"
336;211;"Зал 2";208;"1";"0";"0";"0"
337;211;"Зал 3";96;"1";"0";"0";"0"
338;211;"Зал 4";96;"1";"0";"0";"0"
339;211;"Зал 5";125;"1";"0";"0";"0"
340;211;"Зал 6";128;"1";"0";"0";"0"
341;211;"Зал 7";208;"1";"0";"0";"0"
342;211;"Зал 8";208;"1";"0";"0";"0"
343;211;"VIP";30;"1";"0";"0";"0"
344;212;"Зал 1";249;"1";"0";"0";"0"
345;212;"Зал 2";168;"1";"0";"0";"0"
346;212;"Зал 3";168;"1";"0";"0";"0"
347;213;"X";116;"1";"0";"0";"0"
348;213;"L";117;"1";"0";"0";"0"
349;213;"XL";117;"1";"0";"0";"0"
350;213;"VIP";39;"1";"0";"0";"0"
353;215;"Зал 1";92;"1";"0";"0";"0"
362;218;"Зал №1";135;"1";"0";"0";"0"
363;218;"""LUXE""";553;"1";"0";"0";"0"
364;219;"Зал №1";273;"1";"0";"0";"0"
365;219;"Зал №2";133;"1";"0";"0";"0"
366;219;"Зал №3";108;"1";"0";"0";"0"
367;219;"Зал №4";94;"1";"0";"0";"0"
368;219;"Зал №5";107;"1";"0";"0";"0"
369;219;"Зал №6";160;"1";"0";"0";"0"
370;219;"Зал №7";159;"1";"0";"0";"0"
371;219;"Зал №8 Малый";65;"1";"0";"0";"0"
372;219;"Зал №9 VIP";25;"1";"0";"0";"0"
375;221;"Зал №1";302;"1";"0";"0";"0"
376;221;"Зал №2";304;"1";"0";"0";"0"
377;221;"Зал №3";300;"1";"0";"0";"0"
378;221;"Зал №4";124;"1";"0";"0";"0"
379;221;"Зал №5";123;"1";"0";"0";"0"
1423;1232;"№1";312;"1";"0";"0";"0"
1424;1232;"№2";345;"1";"0";"0";"0"
1425;1232;"№3";194;"1";"0";"0";"0"
1426;1232;"№4";259;"1";"0";"0";"0"
1535;1316;"1";120;"1";"0";"0";"0"
1536;1316;"2";120;"1";"0";"0";"0"
1537;1316;"3";120;"1";"0";"0";"0"
1538;1316;"4";120;"1";"0";"0";"0"
1539;1317;"1";174;"1";"0";"0";"0"
1540;1317;"2";174;"1";"0";"0";"0"
1541;1317;"3";174;"1";"0";"0";"0"
1542;1317;"4";174;"1";"0";"0";"0"
1543;1317;"5";174;"1";"0";"0";"0"
1544;1317;"6";174;"1";"0";"0";"0"
1545;1318;"1";100;"1";"0";"0";"0"
1546;1318;"2";100;"1";"0";"0";"0"
1547;1318;"3";100;"1";"0";"0";"0"
1548;1318;"4";100;"1";"0";"0";"0"
1549;1319;"1";110;"0";"0";"0";"0"
1550;1319;"2";117;"0";"0";"0";"0"
1551;1319;"3";99;"0";"0";"0";"0"
1552;1319;"4";156;"0";"0";"0";"0"
1553;1319;"5";117;"0";"0";"0";"0"
1554;1319;"6";99;"0";"0";"0";"0"
1561;1321;"1";165;"1";"0";"0";"0"
1562;1321;"2";154;"1";"0";"0";"0"
1568;1322;"1";149;"1";"0";"0";"0"
1569;1322;"2";119;"1";"0";"0";"0"
1570;1322;"3";119;"1";"0";"0";"0"
1571;1322;"4";141;"1";"0";"0";"0"
1810;1487;"1";144;"0";"0";"0";"0"
1932;1319;"VIP";27;"0";"0";"0";"0"
1961;1578;"Зал №1";212;"1";"0";"0";"0"
1962;1578;"Зал №2";194;"1";"0";"0";"0"
1963;1578;"Зал №3";48;"1";"0";"0";"0"
1964;1578;"Зал №4";302;"1";"0";"0";"0"
1965;1578;"Зал №5";221;"1";"0";"0";"0"
1966;1578;"Зал №6";249;"1";"0";"0";"0"
1967;1578;"Зал №7 (VIP)";34;"1";"0";"0";"0"
1968;1578;"Зал №8";219;"1";"0";"0";"0"
1969;1578;"Зал №9";289;"1";"0";"0";"0"
1973;1580;"Зал 1";152;"0";"0";"0";"0"
1974;1580;"Зал 2";130;"0";"0";"0";"0"
1975;1580;"Зал 3";132;"0";"0";"0";"0"
1976;1580;"Зал 4";152;"0";"0";"0";"0"
1977;1580;"Зал 5";116;"0";"0";"0";"0"
1978;1580;"Зал 6";130;"0";"0";"0";"0"
1984;1583;"Зал 1";132;"0";"0";"0";"0"
1985;1583;"Зал 2";177;"0";"0";"0";"0"
1986;1583;"Зал 3";147;"0";"0";"0";"0"
1987;1583;"Зал 4";100;"0";"0";"0";"0"
1988;1584;"ЗАЛ №1";1518;"1";"0";"0";"0"
1989;1584;"ЗАЛ №2";313;"1";"1";"0";"0"
1990;1584;"ЗАЛ №3(VIP)";40;"1";"0";"0";"0"
1991;1584;"ЗАЛ №4";234;"1";"0";"0";"0"
1992;1584;"ЗАЛ №5";234;"1";"0";"0";"0"
1993;1584;"ЗАЛ №6";186;"1";"0";"0";"0"
1994;1584;"ЗАЛ №7";270;"1";"0";"0";"0"
1995;1584;"ЗАЛ №8";180;"1";"0";"0";"0"
1996;1584;"ЗАЛ №9";186;"1";"0";"0";"0"
1997;1584;"ЗАЛ №10";49;"1";"0";"0";"0"
1998;1584;"ЗАЛ №11";49;"1";"0";"0";"0"
1999;1585;"Зал 1";126;"1";"0";"0";"0"
2000;1585;"Зал 2";120;"1";"0";"0";"0"
2001;1585;"Зал 3";134;"1";"0";"0";"0"
2002;1585;"Зал 4";120;"1";"0";"0";"0"
2003;1585;"Зал 5";120;"1";"0";"0";"0"
2004;1585;"Зал 6";120;"1";"0";"0";"0"
2005;1585;"Зал 7";120;"1";"0";"0";"0"
2006;1585;"Зал 8 (VIP)";18;"1";"0";"0";"0"
2007;1586;"Зал№1";80;"1";"0";"0";"0"
2008;1586;"Зал№2";159;"1";"0";"0";"0"
2009;1586;"Зал№3";159;"1";"0";"0";"0"
2010;1586;"Зал№4";159;"1";"0";"0";"0"
2020;1589;"Зал 1";158;"0";"0";"0";"0"
2021;1589;"Зал 2";106;"0";"0";"0";"0"
2022;1589;"Зал 3";145;"0";"0";"0";"0"
2023;1589;"Зал 4";119;"0";"0";"0";"0"
2024;1590;"Зал №1";41;"1";"0";"0";"0"
2025;1590;"Зал №2";130;"1";"0";"0";"0"
2026;1590;"Зал №3";115;"1";"0";"0";"0"
2027;1590;"Зал №4";120;"1";"0";"0";"0"
2028;1590;"Зал №5";315;"1";"0";"0";"0"
2029;1590;"Зал №6";115;"1";"0";"0";"0"
2030;1590;"Зал №7";118;"1";"0";"0";"0"
2031;1591;"ЗАЛ №1";166;"1";"0";"0";"0"
2032;1591;"ЗАЛ №2";166;"1";"0";"0";"0"
2033;1591;"ЗАЛ №3";164;"1";"0";"0";"0"
2034;1591;"ЗАЛ №4";164;"1";"0";"0";"0"
2035;1591;"ЗАЛ №5";138;"1";"0";"0";"0"
2036;1591;"ЗАЛ №6";107;"1";"0";"0";"0"
2057;1598;"ЗАЛ 1";98;"1";"0";"0";"0"
2058;1598;"ЗАЛ 2";100;"1";"0";"0";"0"
2059;1598;"ЗАЛ 3";100;"1";"0";"0";"0"
2060;1598;"ЗАЛ 4";161;"1";"0";"0";"0"
2061;1598;"ЗАЛ 5";161;"1";"0";"0";"0"
2062;1598;"ЗАЛ 6";100;"1";"0";"0";"0"
2063;1598;"ЗАЛ 7";100;"1";"0";"0";"0"
2064;1598;"ЗАЛ 8";100;"1";"0";"0";"0"
2065;1599;"Зал 1";83;"0";"0";"0";"0"
2066;1599;"Зал 2";158;"0";"0";"0";"0"
2067;1599;"Зал 3";158;"0";"0";"0";"0"
2068;1599;"Зал 4";158;"0";"0";"0";"0"
2069;1599;"Зал 5";333;"0";"1";"0";"0"
2072;1601;"Зал № 1";155;"1";"0";"0";"0"
2073;1601;"Зал №2";155;"1";"0";"0";"0"
2074;1601;"Зал №3";50;"1";"0";"0";"0"
2075;1601;"Зал №4";106;"1";"0";"0";"0"
2076;1601;"Зал №5";106;"1";"0";"0";"0"
2077;1601;"Зал №6";106;"1";"0";"0";"0"
2078;1601;"Зал №7";106;"1";"0";"0";"0"
2079;1602;"Зал 1";246;"1";"0";"0";"0"
2080;1602;"Зал 2";97;"1";"0";"0";"0"
2081;1602;"Зал 3";104;"1";"0";"0";"0"
2082;1602;"Зал 4";180;"1";"0";"0";"0"
2083;1602;"Зал 5";106;"1";"0";"0";"0"
2084;1602;"Зал 6";142;"1";"0";"0";"0"
2085;1602;"Зал 7";66;"1";"0";"0";"0"
2086;1602;"Зал 8";66;"1";"0";"0";"0"
2087;1602;"Зал 9 VIP";24;"1";"0";"0";"0"
2088;1603;"Зал 1";203;"1";"0";"0";"0"
2089;1603;"Зал 2";207;"1";"0";"0";"0"
2090;1603;"Зал 3";207;"1";"0";"0";"0"
2091;1603;"Зал 4";215;"1";"0";"0";"0"
2092;1603;"Зал 5";215;"1";"0";"0";"0"
2093;1603;"Зал 6";132;"1";"0";"0";"0"
2094;1603;"Зал 7";37;"1";"0";"0";"0"
2095;1604;"Зал 1";302;"0";"0";"0";"0"
2096;1604;"Зал 2";232;"0";"0";"0";"0"
2097;1604;"Зал 3";141;"0";"0";"0";"0"
2098;1604;"Зал 4";143;"0";"0";"0";"0"
2099;1604;"Зал 5";74;"0";"0";"0";"0"
2107;1607;"Зал 1";127;"1";"0";"0";"0"
2108;1607;"Зал 2";127;"1";"0";"0";"0"
2109;1607;"Зал 3";127;"1";"0";"0";"0"
2110;1607;"Зал 4";249;"1";"0";"0";"0"
2111;1607;"Зал 5";249;"1";"0";"0";"0"
2112;1607;"Зал 6";127;"1";"0";"0";"0"
2113;1607;"Зал 7";127;"1";"0";"0";"0"
2114;1607;"Зал 8";127;"1";"0";"0";"0"
2115;1608;"Зал 1";193;"1";"0";"0";"0"
2116;1608;"Зал 2";70;"1";"0";"0";"0"
2117;1608;"Зал 3";245;"1";"0";"0";"0"
2118;1608;"Зал 4";248;"1";"0";"0";"0"
2119;1608;"Зал 5";126;"1";"0";"0";"0"
2120;1608;"Зал 6";301;"1";"0";"0";"0"
2121;1608;"Зал 7";181;"1";"0";"0";"0"
2122;1608;"Зал 8";45;"1";"0";"0";"0"
2123;1608;"Зал 9";147;"1";"0";"0";"0"
2124;1608;"Зал 10";259;"1";"0";"0";"0"
2262;215;"Зал 2";58;"1";"0";"0";"0"
2263;215;"Зал 3";151;"1";"0";"0";"0"
2264;215;"Зал 4";348;"1";"0";"0";"0"
2302;1671;"01";160;"0";"0";"0";"0"
2303;1671;"02";146;"0";"0";"0";"0"
2304;1671;"03";110;"0";"0";"0";"0"
2305;1671;"04";200;"0";"0";"0";"0"
2306;1671;"05";125;"0";"0";"0";"0"
2307;1671;"06";136;"0";"0";"0";"0"
2311;1672;"01";195;"1";"0";"0";"0"
2312;1672;"02";206;"1";"0";"0";"0"
2313;1672;"03";97;"1";"0";"0";"0"
2314;1672;"04";97;"1";"0";"0";"0"
2315;1672;"05";97;"1";"0";"0";"0"
2316;1672;"06";97;"1";"0";"0";"0"
2317;1672;"07";97;"1";"0";"0";"0"
2320;1673;"01";242;"1";"0";"0";"0"
2321;1673;"02";242;"1";"0";"0";"0"
2322;1673;"03";293;"1";"0";"0";"0"
2323;1673;"04";293;"1";"0";"0";"0"
2324;1673;"05";242;"1";"0";"0";"0"
2325;1673;"06";282;"1";"0";"0";"0"
2326;1673;"07";479;"1";"0";"0";"0"
2327;1673;"08";136;"1";"0";"0";"0"
2329;1674;"01";169;"1";"0";"0";"0"
2330;1674;"02";169;"1";"0";"0";"0"
2331;1674;"03";337;"1";"0";"0";"0"
2332;1674;"04";303;"1";"1";"0";"0"
2333;1674;"05";233;"1";"0";"0";"0"
2334;1674;"06";311;"1";"0";"0";"0"
2335;1674;"07";311;"1";"0";"0";"0"
2336;1674;"08";150;"1";"0";"0";"0"
2337;1675;"01";176;"0";"0";"0";"0"
2338;1675;"02";184;"0";"0";"0";"0"
2339;1675;"03";163;"0";"0";"0";"0"
2340;1675;"04";232;"0";"0";"0";"0"
2341;1675;"05";338;"0";"1";"0";"0"
2342;1675;"06";278;"0";"0";"0";"0"
2343;1675;"07";152;"0";"0";"0";"0"
2344;1675;"08";160;"0";"0";"0";"0"
2345;1675;"09";167;"0";"0";"0";"0"
2346;1676;"01";295;"1";"1";"0";"0"
2347;1676;"02";140;"1";"0";"0";"0"
2348;1676;"03";220;"1";"0";"0";"0"
2349;1676;"04";170;"1";"0";"0";"0"
2350;1676;"05";220;"1";"0";"0";"0"
2351;1676;"06";141;"1";"0";"0";"0"
2352;1676;"07";183;"1";"0";"0";"0"
2353;1676;"08";131;"1";"0";"0";"0"
2354;1677;"01";144;"1";"0";"0";"0"
2355;1677;"02";160;"1";"0";"0";"0"
2356;1677;"03";144;"1";"0";"0";"0"
2357;1677;"04";160;"1";"0";"0";"0"
2358;1677;"05";144;"1";"0";"0";"0"
2359;1677;"06";146;"1";"0";"0";"0"
2360;1677;"07";336;"1";"0";"0";"0"
2361;1677;"08";270;"1";"0";"0";"0"
2362;1678;"01";196;"0";"0";"0";"0"
2363;1678;"02";196;"0";"0";"0";"0"
2364;1678;"03";171;"0";"0";"0";"0"
2365;1678;"04";257;"0";"0";"0";"0"
2366;1678;"05";252;"0";"0";"0";"0"
2367;1678;"06";425;"0";"1";"0";"0"
2368;1678;"07";252;"0";"0";"0";"0"
2369;1678;"08";257;"0";"0";"0";"0"
2370;1678;"09";193;"0";"0";"0";"0"
2371;1678;"10";50;"0";"0";"0";"0"
2372;1679;"01";166;"0";"0";"0";"0"
2373;1679;"02";172;"0";"0";"0";"0"
2374;1679;"03";149;"0";"0";"0";"0"
2375;1679;"04";171;"0";"0";"0";"0"
2376;1679;"05";172;"0";"0";"0";"0"
2377;1679;"06";150;"0";"0";"0";"0"
2378;1679;"07";300;"0";"0";"0";"0"
2379;1679;"08";30;"0";"0";"0";"0"
2380;1680;"01";40;"1";"0";"0";"0"
2381;1680;"02";142;"1";"0";"0";"0"
2382;1680;"03";159;"1";"0";"0";"0"
2383;1680;"04";248;"1";"0";"0";"0"
2384;1680;"05";151;"1";"0";"0";"0"
2385;1680;"06";150;"1";"0";"0";"0"
2386;1680;"07";227;"1";"0";"0";"0"
2389;1681;"01";185;"1";"0";"0";"0"
2390;1681;"02";181;"1";"0";"0";"0"
2391;1681;"03";118;"1";"0";"0";"0"
2392;1681;"04";118;"1";"0";"0";"0"
2393;1681;"05";118;"1";"0";"0";"0"
2394;1681;"06";339;"1";"0";"0";"0"
2395;1681;"07";219;"1";"0";"0";"0"
2396;1682;"01";113;"1";"0";"0";"0"
2397;1682;"02";152;"1";"0";"0";"0"
2398;1682;"03";185;"1";"0";"0";"0"
2399;1682;"04";369;"1";"1";"0";"0"
2400;1682;"05";226;"1";"0";"0";"0"
2401;1682;"06";160;"1";"0";"0";"0"
2402;1682;"07";44;"1";"0";"0";"0"
2403;1682;"008 Зал 8";226;"1";"0";"0";"0"
2404;1683;"01";128;"1";"0";"0";"0"
2405;1683;"02";114;"1";"0";"0";"0"
2406;1683;"03";34;"1";"0";"0";"0"
2407;1683;"04";121;"1";"0";"0";"0"
2408;1683;"05";284;"1";"0";"0";"0"
2409;1683;"06";259;"1";"0";"0";"0"
2410;1683;"07";234;"1";"0";"0";"0"
2411;1683;"08";248;"1";"0";"0";"0"
2412;1684;"01";191;"0";"0";"0";"0"
2413;1684;"02";278;"0";"0";"0";"0"
2414;1684;"03";111;"0";"0";"0";"0"
2415;1684;"04";111;"0";"0";"0";"0"
2416;1684;"05";111;"0";"0";"0";"0"
2417;1684;"06";111;"0";"0";"0";"0"
2418;1684;"07";191;"0";"0";"0";"0"
2419;1685;"01";291;"1";"0";"0";"0"
2420;1685;"02";107;"1";"0";"0";"0"
2421;1685;"03";107;"1";"0";"0";"0"
2422;1685;"04";50;"1";"0";"0";"0"
2423;1685;"05";314;"1";"0";"0";"0"
2424;1685;"06";203;"1";"0";"0";"0"
2425;1685;"07";141;"1";"0";"0";"0"
2426;1685;"08";141;"1";"0";"0";"0"
2427;1685;"09";123;"1";"0";"0";"0"
2429;1686;"01";139;"0";"0";"0";"0"
2430;1686;"02";192;"0";"0";"0";"0"
2431;1686;"03";142;"0";"0";"0";"0"
2432;1686;"04";142;"0";"0";"0";"0"
2433;1686;"05";158;"0";"0";"0";"0"
2434;1686;"06";137;"0";"0";"0";"0"
2435;1686;"07";42;"0";"0";"0";"0"
2436;1686;"08";52;"0";"0";"0";"0"
2437;1686;"09";299;"0";"1";"0";"0"
2438;1672;"08";97;"1";"0";"0";"0"
2439;1672;"09";206;"1";"0";"0";"0"
2440;1673;"09";136;"1";"0";"0";"0"
2446;1685;"10";62;"1";"0";"0";"0"
2573;1746;"01";192;"1";"0";"0";"0"
2574;1746;"02";192;"1";"0";"0";"0"
2575;1746;"03";159;"0";"0";"0";"0"
2576;1746;"04";159;"0";"0";"0";"0"
2577;1746;"05";192;"1";"0";"0";"0"
2578;1746;"06";159;"0";"0";"0";"0"
2579;1746;"07";159;"1";"0";"0";"0"
2580;1746;"08";192;"1";"0";"0";"0"
2581;1746;"09";159;"1";"0";"0";"0"
2582;1746;"10";159;"1";"0";"0";"0"
2583;1746;"11";192;"1";"0";"0";"0"
2584;1746;"12";192;"0";"0";"0";"0"
2597;1748;"01";352;"1";"0";"0";"0"
2598;1748;"02";106;"0";"0";"0";"0"
2599;1748;"03";96;"1";"0";"0";"0"
2600;1748;"04";35;"1";"0";"0";"0"
2620;1753;"01";574;"1";"0";"0";"0"
2621;1753;"02";183;"1";"0";"0";"0"
2622;1753;"03";181;"0";"0";"0";"0"
2650;1768;"01";48;"1";"0";"0";"0"
2651;1768;"02";133;"1";"0";"0";"0"
2652;1768;"03";136;"1";"0";"0";"0"
2653;1768;"04";136;"1";"0";"0";"0"
2654;1768;"05";136;"1";"0";"0";"0"
2655;1768;"06";136;"1";"0";"0";"0"
2656;1768;"07";220;"1";"0";"0";"0"
2657;1680;"08";220;"1";"0";"0";"0"
2658;1680;"09";220;"1";"0";"0";"0"
2693;1786;"1";159;"1";"0";"0";"0"
2694;1786;"2";159;"1";"0";"0";"0"
2695;1787;"1";130;"1";"0";"0";"0"
2696;1787;"2";130;"0";"0";"0";"0"
2697;1787;"3";130;"0";"0";"0";"0"
2698;1787;"4";122;"1";"0";"0";"0"
2699;1787;"5";80;"1";"0";"0";"0"
2700;1787;"6";81;"0";"0";"0";"0"
2701;1787;"7";150;"1";"0";"0";"0"
2702;1787;"8";97;"1";"0";"0";"0"
2703;1787;"9";97;"0";"0";"0";"0"
2704;1787;"10";232;"1";"0";"0";"0"
2710;1321;"3";128;"1";"0";"0";"0"
2711;1321;"4";142;"1";"0";"0";"0"
2712;1321;"5";132;"1";"0";"0";"0"
2713;1321;"6";104;"1";"0";"0";"0"
2714;1321;"7";154;"1";"0";"0";"0"
2715;1321;"VIP";32;"1";"0";"0";"0"
2749;1817;"01";206;"1";"0";"0";"0"
2750;1817;"02";99;"1";"0";"0";"0"
2751;1817;"03";125;"1";"0";"0";"0"
2752;1817;"04";227;"1";"0";"0";"0"
2762;1819;"02";288;"1";"0";"0";"0"
2763;1819;"03";192;"1";"0";"0";"0"
2764;1819;"04";288;"1";"0";"0";"0"
2765;1819;"05";288;"1";"0";"0";"0"
2766;1819;"06";126;"1";"0";"0";"0"
2771;1820;"01";213;"1";"0";"0";"0"
2772;1820;"02";156;"1";"0";"0";"0"
2773;1820;"03";232;"1";"0";"0";"0"
2774;1820;"04";175;"1";"0";"0";"0"
2775;1820;"05";258;"1";"1";"0";"0"
2811;1827;"Зал 1";147;"1";"0";"0";"0"
2812;1827;"Зал 2";147;"1";"0";"0";"0"
2813;1827;"Зал 3";147;"1";"0";"0";"0"
2988;1673;"10";48;"1";"0";"0";"0"
2989;1893;"01";303;"1";"1";"0";"0"
2990;1893;"02";103;"1";"0";"0";"0"
2991;1893;"03";103;"1";"0";"0";"0"
2992;1893;"04";54;"1";"0";"0";"0"
2993;1893;"05";111;"1";"0";"0";"0"
2994;1893;"06";103;"1";"0";"0";"0"
2995;1893;"07";111;"1";"0";"0";"0"
2996;1893;"08";211;"1";"0";"0";"0"
2997;1893;"09";211;"1";"0";"0";"0"
3007;1898;"01";487;"1";"1";"0";"0"
3008;1898;"02";44;"1";"0";"0";"0"
3009;1898;"03";54;"1";"0";"0";"0"
3010;1898;"04";141;"1";"0";"0";"0"
3011;1898;"05";141;"1";"0";"0";"0"
3012;1898;"06";286;"1";"0";"0";"0"
3013;1898;"07";300;"1";"0";"0";"0"
3014;1898;"08";189;"1";"0";"0";"0"
3015;1898;"09";189;"1";"0";"0";"0"
3016;1898;"10";189;"1";"0";"0";"0"
3042;1915;"01";89;"1";"0";"0";"0"
3043;1915;"02";240;"1";"0";"0";"0"
3044;1915;"03";237;"0";"0";"0";"0"
3045;1915;"04";237;"1";"0";"0";"0"
3046;1915;"05";237;"1";"0";"0";"0"
3047;1915;"06";241;"0";"0";"0";"0"
3048;1915;"07";156;"0";"0";"0";"0"
3049;1915;"08";296;"1";"1";"0";"0"
3050;1915;"09";300;"1";"0";"0";"0"
3051;1915;"10";87;"1";"0";"0";"0"
3058;1923;"01";282;"1";"0";"0";"0"
3059;1923;"02";284;"1";"0";"0";"0"
3060;1923;"03";173;"1";"0";"0";"0"
3061;1923;"04";283;"1";"0";"0";"0"
3062;1923;"05";506;"1";"1";"0";"0"
3063;1923;"06";288;"1";"0";"0";"0"
3064;1923;"07";244;"1";"0";"0";"0"
3065;1923;"08";173;"1";"0";"0";"0"
3066;1923;"09";194;"1";"0";"0";"0"
3067;1923;"10";244;"1";"0";"0";"0"
3068;1923;"11";288;"1";"0";"0";"0"
3069;1924;"01";286;"1";"0";"0";"0"
3070;1924;"02";166;"1";"0";"0";"0"
3071;1924;"03";164;"1";"0";"0";"0"
3072;1924;"04";299;"1";"0";"0";"0"
3073;1924;"05";326;"1";"0";"0";"0"
3074;1924;"06";376;"1";"0";"0";"0"
3075;1924;"07";376;"1";"1";"0";"0"
3076;1924;"08";326;"1";"0";"0";"0"
3077;1924;"09";299;"1";"0";"0";"0"
3078;1924;"10";155;"1";"0";"0";"0"
3079;1924;"11";155;"1";"0";"0";"0"
3080;1924;"12";287;"1";"0";"0";"0"
3081;1925;"01";324;"1";"0";"0";"0"
3082;1925;"02";221;"1";"0";"0";"0"
3083;1925;"03";538;"1";"0";"0";"0"
3084;1925;"04";261;"1";"0";"0";"0"
3085;1925;"05";261;"1";"0";"0";"0"
3086;1925;"06";181;"1";"0";"0";"0"
3087;1925;"07";261;"1";"0";"0";"0"
3088;1925;"08";385;"1";"0";"0";"0"
3089;1925;"09";185;"1";"0";"0";"0"
3090;1925;"10";219;"1";"0";"0";"0"
3091;1925;"11";219;"1";"0";"0";"0"
3092;1925;"12";187;"1";"0";"0";"0"
3093;1925;"13";319;"1";"1";"0";"0"
3094;1925;"14";116;"1";"0";"0";"0"
3095;1925;"15";93;"1";"0";"0";"0"
3096;1926;"01";271;"1";"0";"0";"0"
3097;1926;"02";248;"1";"0";"0";"0"
3098;1926;"03";249;"1";"0";"0";"0"
3099;1926;"04";273;"1";"0";"0";"0"
3100;1926;"05";167;"1";"0";"0";"0"
3101;1926;"06";167;"1";"0";"0";"0"
3102;1926;"07";167;"1";"0";"0";"0"
3103;1926;"08";167;"1";"0";"0";"0"
3104;1926;"09";262;"1";"0";"0";"0"
3105;1926;"10";438;"1";"0";"0";"0"
3106;1927;"01";446;"1";"0";"0";"0"
3107;1927;"02";405;"1";"1";"0";"0"
3108;1927;"03";213;"1";"0";"0";"0"
3109;1927;"04";247;"1";"0";"0";"0"
3110;1927;"05";247;"1";"0";"0";"0"
3111;1927;"06";215;"1";"0";"0";"0"
3112;1927;"07";247;"1";"0";"0";"0"
3113;1927;"08";171;"1";"0";"0";"0"
3114;1927;"09";171;"1";"0";"0";"0"
3115;1927;"10";215;"1";"0";"0";"0"
3116;1927;"11";231;"1";"0";"0";"0"
3117;1927;"12";231;"1";"0";"0";"0"
3118;1927;"13";76;"1";"0";"0";"0"
3119;1927;"14";91;"1";"0";"0";"0"
3120;1928;"01";307;"1";"0";"0";"0"
3121;1928;"02";217;"1";"0";"0";"0"
3122;1928;"03";219;"1";"0";"0";"0"
3123;1928;"04";219;"1";"0";"0";"0"
3124;1928;"05";219;"1";"0";"0";"0"
3125;1928;"06";217;"1";"0";"0";"0"
3126;1928;"07";217;"1";"0";"0";"0"
3127;1928;"08";217;"1";"0";"0";"0"
3128;1928;"09";233;"1";"0";"0";"0"
3129;1928;"10";233;"1";"0";"0";"0"
3130;1928;"11";233;"1";"0";"0";"0"
3131;1928;"12";32;"1";"0";"0";"0"
3132;1928;"13";32;"1";"0";"0";"0"
3193;1985;"01";146;"1";"0";"0";"0"
3194;1985;"02";56;"1";"0";"0";"0"
3195;1985;"03";70;"1";"0";"0";"0"
3196;1985;"04";146;"1";"0";"0";"0"
3197;1985;"05";300;"1";"0";"0";"0"
3198;1985;"06";230;"1";"0";"0";"0"
3199;1985;"07";132;"1";"0";"0";"0"
3200;1985;"08";129;"1";"0";"0";"0"
3201;1985;"09";146;"1";"0";"0";"0"
3254;1819;"07";171;"1";"0";"0";"0"
3255;1819;"08";162;"1";"0";"0";"0"
3256;1819;"09";152;"1";"0";"0";"0"
3257;1819;"01";24;"1";"0";"0";"0"
3445;2151;"Зал №1";91;"1";"0";"0";"0"
3446;2151;"Зал №2";91;"1";"0";"0";"0"
3447;2151;"Зал №3";91;"1";"0";"0";"0"
3448;2151;"Зал №4";75;"1";"0";"0";"0"
3449;2151;"Зал №5";319;"1";"0";"0";"0"
3450;2151;"Зал №6";72;"1";"0";"0";"0"
3451;2151;"Зал №7";78;"1";"0";"0";"0"
3452;2152;"Зал1";218;"1";"0";"0";"0"
3453;2152;"Зал2";200;"1";"0";"0";"0"
3454;2152;"Зал Volkswagen";445;"1";"0";"0";"0"
3455;2152;"Зал4";75;"1";"0";"0";"0"
3456;2152;"Зал5";74;"1";"0";"0";"0"
3457;2152;"Зал BMW";24;"1";"0";"0";"0"
3458;2152;"Зал7";92;"1";"0";"0";"0"
3459;2152;"Зал8";136;"1";"0";"0";"0"
3460;2153;"Зал 1";287;"1";"0";"0";"0"
3461;2153;"Зал 2";189;"1";"0";"0";"0"
3462;2153;"Зал 3";200;"1";"0";"0";"0"
3463;2153;"Зал 4";288;"1";"0";"0";"0"
3464;2153;"Зал 5";200;"1";"0";"0";"0"
3465;2153;"Зал 6";63;"1";"0";"0";"0"
3466;2155;"1";244;"1";"0";"0";"0"
3467;2155;"2";139;"1";"0";"0";"0"
3468;2155;"3 (Vip)";36;"1";"0";"0";"0"
3469;2155;"4";128;"1";"0";"0";"0"
3470;2155;"5";128;"1";"0";"0";"0"
3471;2155;"ДОДО ЗАЛ";128;"1";"0";"0";"0"
3472;2155;"7";128;"1";"0";"0";"0"
3482;1232;"№5";299;"1";"0";"0";"0"
3483;1232;"№6";211;"1";"0";"0";"0"
3484;1232;"№7";263;"1";"0";"0";"0"
3485;1232;"№8 VIP";54;"1";"0";"0";"0"
3520;1682;"08";226;"1";"0";"0";"0"
3608;2245;"01";88;"1";"0";"0";"0"
3609;2245;"02";56;"1";"0";"0";"0"
3610;2245;"03";416;"1";"1";"0";"0"
3611;2245;"04";220;"1";"0";"0";"0"
3612;2245;"05";180;"1";"0";"0";"0"
3613;2245;"06";220;"1";"0";"0";"0"
3614;2245;"07";291;"1";"0";"0";"0"
3615;2245;"08";129;"1";"0";"0";"0"
3616;2245;"09";178;"1";"0";"0";"0"
3617;2245;"10";129;"1";"0";"0";"0"
3628;218;"VIP";53;"1";"0";"0";"0"
3629;218;"Зал №4";115;"1";"0";"0";"0"
3630;218;"Зал №5";106;"1";"0";"0";"0"
3631;218;"Зал №6";106;"1";"0";"0";"0"
3645;2271;"Зал IMAX";294;"1";"1";"0";"0"
3646;2271;"Зал VIP";45;"1";"0";"0";"0"
3647;2271;"Зал 6";91;"1";"0";"0";"0"
3648;2271;"Зал 5";90;"1";"0";"0";"0"
3649;2271;"Зал 4";90;"1";"0";"0";"0"
3650;2271;"Зал 3";202;"1";"0";"0";"0"
3651;2271;"Зал 2";202;"1";"0";"0";"0"
3652;2271;"Зал 1";269;"1";"0";"0";"0"
3653;2272;"8 (VIP)";42;"1";"0";"0";"0"
3654;2272;"1";153;"1";"0";"0";"0"
3655;2272;"2";153;"1";"0";"0";"0"
3656;2272;"3";179;"1";"0";"0";"0"
3657;2272;"4";179;"1";"0";"0";"0"
3658;2272;"5";179;"1";"0";"0";"0"
3659;2272;"6";179;"1";"0";"0";"0"
3660;2272;"7";263;"1";"0";"0";"0"
3689;1674;"09";40;"1";"0";"0";"0"
3690;1674;"10";40;"1";"0";"0";"0"
3699;2311;"01";177;"0";"0";"0";"0"
3700;2311;"02";230;"0";"0";"0";"0"
3701;2311;"03";208;"0";"0";"0";"0"
3702;2311;"04";231;"1";"0";"0";"0"
3703;2311;"05";73;"1";"0";"0";"0"
3704;2311;"06";232;"1";"0";"0";"0"
3705;2311;"07";232;"1";"0";"0";"0"
3706;2311;"08";232;"1";"0";"0";"0"
3707;2311;"09";178;"0";"0";"0";"0"
3708;2311;"10";78;"1";"1";"0";"0"
3767;2328;"01";336;"1";"0";"0";"0"
3768;2328;"02";131;"1";"0";"0";"0"
3769;2328;"03";131;"0";"0";"0";"0"
3770;2328;"04";131;"0";"0";"0";"0"
3771;2328;"05";131;"1";"0";"0";"0"
3772;2328;"06";206;"1";"0";"0";"0"
3773;2328;"07";193;"1";"0";"0";"0"
3774;2328;"08";115;"1";"0";"0";"0"
3775;2328;"09";154;"1";"0";"0";"0"
3829;2330;"Зал IMAX";387;"1";"1";"0";"0"
3830;2330;"Зал 2";119;"1";"0";"0";"0"
3831;2330;"Зал 3";119;"1";"0";"0";"0"
3832;2330;"Зал 4";281;"1";"0";"0";"0"
3833;2330;"Зал 5";281;"1";"0";"0";"0"
3834;2330;"Зал 6";275;"1";"0";"0";"0"
3835;2330;"Зал 7";132;"1";"0";"0";"0"
3836;2330;"Зал 8";142;"1";"0";"0";"0"
3842;2335;"01";100;"1";"0";"0";"0"
3843;2335;"02";117;"1";"0";"0";"0"
3844;2335;"03";167;"1";"0";"0";"0"
3845;2335;"04";146;"1";"0";"0";"0"
3846;2335;"05";422;"1";"1";"0";"0"
3847;2335;"06";203;"1";"0";"0";"0"
3848;2335;"07";86;"1";"0";"0";"0"
3849;2335;"08";44;"1";"0";"0";"0"
3850;2335;"09";185;"1";"0";"0";"0"
3918;2361;"Зал №1";122;"1";"0";"0";"0"
3919;2361;"Зал №2";122;"1";"0";"0";"0"
3920;2361;"Зал №3";122;"1";"0";"0";"0"
3921;2361;"Зал №4";122;"1";"0";"0";"0"
3922;2361;"Зал №5";122;"1";"0";"0";"0"
3923;2361;"Зал №6";122;"1";"0";"0";"0"
3924;2361;"Зал №7";122;"1";"0";"0";"0"
3925;2361;"Зал №8";122;"1";"0";"0";"0"
3941;2369;"01";358;"1";"1";"0";"0"
3942;2369;"02";144;"1";"0";"0";"0"
3943;2369;"03";119;"1";"0";"0";"0"
3944;2369;"04";119;"1";"0";"0";"0"
3945;2369;"05";119;"1";"0";"0";"0"
3946;2369;"06";217;"1";"0";"0";"0"
3947;2369;"07";84;"1";"0";"0";"0"
3948;2369;"08";52;"1";"0";"0";"0"
4000;2377;"Зал 1";139;"1";"0";"0";"0"
4001;2377;"Зал 2";144;"1";"0";"0";"0"
4002;2377;"Зал 3";66;"1";"0";"0";"0"
4003;2377;"Зал 4";72;"1";"0";"0";"0"
4004;2377;"Зал 5";64;"1";"0";"0";"0"
4005;2377;"Зал 6";63;"1";"0";"0";"0"
4006;2377;"Зал 7";56;"1";"0";"0";"0"
4388;2544;"Зал 1";130;"1";"0";"0";"0"
4389;2544;"Зал 2";130;"1";"0";"0";"0"
4390;2544;"Зал 3";130;"1";"0";"0";"0"
4391;2544;"Зал 4";130;"1";"0";"0";"0"
4392;2544;"Зал 5";228;"1";"0";"0";"0"
4393;2544;"Зал 6";130;"1";"0";"0";"0"
4394;2544;"Зал 7";130;"1";"0";"0";"0"
4622;2630;"Зал №1";123;"1";"0";"0";"0"
4623;2630;"Зал №2";123;"1";"0";"0";"0"
4624;2630;"Зал №3";123;"1";"0";"0";"0"
4625;2630;"Зал №4";123;"1";"0";"0";"0"
4626;2630;"Зал №5";127;"1";"0";"0";"0"
4627;2630;"Зал №6";123;"1";"0";"0";"0"
4628;2630;"Зал №7";123;"1";"0";"0";"0"
4629;2630;"Зал №8";123;"1";"0";"0";"0"
4630;2630;"Зал №9";152;"1";"0";"0";"0"
4631;2630;"Зал №10";152;"1";"0";"0";"0"
4896;2738;"1";184;"1";"0";"0";"0"
4897;2738;"2";184;"1";"0";"0";"0"
4898;2738;"3";184;"1";"0";"0";"0"
4899;2738;"4";184;"1";"0";"0";"0"
4901;2739;"1";135;"1";"0";"0";"0"
4902;2739;"2";135;"1";"0";"0";"0"
4903;2739;"3";135;"1";"0";"0";"0"
4904;2740;"1";173;"1";"0";"0";"0"
4905;2740;"2";173;"1";"0";"0";"0"
4906;2740;"3";174;"1";"0";"0";"0"
4907;2740;"4";163;"1";"0";"0";"0"
4908;2740;"5";173;"1";"0";"0";"0"
4909;2740;"6";174;"1";"0";"0";"0"
4910;2741;"1";84;"1";"0";"0";"0"
4911;2741;"2";160;"1";"0";"0";"0"
4912;2741;"3";129;"1";"0";"0";"0"
4913;2741;"4";134;"1";"0";"0";"0"
4914;2742;"1";139;"1";"0";"0";"0"
4915;2742;"2";139;"1";"0";"0";"0"
4916;2742;"3";139;"1";"0";"0";"0"
4917;2742;"4";139;"1";"0";"0";"0"
4918;2742;"5";139;"1";"0";"0";"0"
4919;2742;"6";139;"1";"0";"0";"0"
4922;2743;"1";112;"1";"0";"0";"0"
4923;2743;"2";112;"1";"0";"0";"0"
4924;2743;"3";146;"1";"0";"0";"0"
4925;2743;"4";146;"1";"0";"0";"0"
4932;2749;"Зал 1";119;"1";"0";"0";"0"
4933;2749;"Зал 2";119;"1";"0";"0";"0"
4934;2749;"Зал 3";146;"1";"0";"0";"0"
4935;2749;"Зал 4";212;"1";"0";"0";"0"
4936;2749;"Зал 5";138;"1";"0";"0";"0"
4937;2749;"Зал 6";144;"1";"0";"0";"0"
4938;2749;"Зал 7";228;"1";"0";"0";"0"
4939;2749;"Зал 8";201;"1";"0";"0";"0"
4943;2751;"1";135;"1";"0";"0";"0"
4944;2751;"2";135;"1";"0";"0";"0"
4945;2751;"3";135;"1";"0";"0";"0"
5098;2776;"Зал 1";134;"1";"0";"0";"0"
5099;2776;"Зал 2";134;"1";"0";"0";"0"
5100;2776;"Зал 3";134;"1";"0";"0";"0"
5101;2776;"Зал 4";125;"1";"0";"0";"0"
5102;2776;"Зал 5";125;"1";"0";"0";"0"
5103;2776;"Зал 6";125;"1";"0";"0";"0"
5104;2776;"Зал 7";125;"1";"0";"0";"0"
5105;2776;"Зал 8";125;"1";"0";"0";"0"
5106;2776;"Зал 9";124;"1";"0";"0";"0"
5116;1487;"2";144;"0";"0";"0";"0"
5183;2818;"01";144;"1";"0";"0";"0"
5184;2818;"02";359;"1";"1";"0";"0"
5185;2818;"03";189;"1";"0";"0";"0"
5186;2818;"04";134;"1";"0";"0";"0"
5187;2818;"05";220;"1";"0";"0";"0"
5188;2818;"06";58;"1";"0";"0";"0"
5189;2818;"07";44;"1";"0";"0";"0"
5190;2818;"08";165;"1";"0";"0";"0"
5191;2818;"09";126;"1";"0";"0";"0"
5195;2751;"4";135;"1";"0";"0";"0"
5252;2151;"Gaudi Hall";319;"1";"0";"0";"0"
5703;5383;"1";90;"1";"0";"0";"0"
5704;5383;"2";86;"1";"0";"0";"0"
5705;5383;"3";86;"1";"0";"0";"0"
5706;5383;"4";83;"1";"0";"0";"0"
5708;5384;"1";150;"1";"0";"0";"0"
5709;5384;"2";150;"1";"0";"0";"0"
5710;5384;"3";150;"1";"0";"0";"0"
5711;5384;"4";146;"1";"0";"0";"0"
5712;5384;"5";146;"1";"0";"0";"0"
5713;5384;"6";146;"1";"0";"0";"0"
5714;5384;"7";146;"1";"0";"0";"0"
5715;5384;"VIP";50;"1";"0";"0";"0"
5829;5448;"Зал VIP";47;"1";"0";"0";"0"
5830;5448;"Зал 2";220;"1";"0";"0";"0"
5831;5448;"Зал 3";220;"1";"0";"0";"0"
5832;5448;"Зал Европа Плюс";220;"1";"0";"0";"0"
5833;5448;"Зал 5";205;"1";"0";"0";"0"
5834;5448;"Зал 6";220;"1";"0";"0";"0"
5835;5448;"Зал 7";220;"1";"0";"0";"0"
5836;5448;"Зал 8";220;"1";"0";"0";"0"
5837;5448;"Зал 9";642;"1";"0";"0";"0"
5851;5452;"1";99;"1";"0";"0";"0"
5852;5452;"2";99;"1";"0";"0";"0"
5853;5452;"3";99;"1";"0";"0";"0"
5854;5452;"4";99;"1";"0";"0";"0"
5902;5482;"Зал 1";152;"1";"0";"0";"0"
5903;5482;"Зал 2";131;"1";"0";"0";"0"
5904;5482;"Зал 3";119;"1";"0";"0";"0"
5905;5482;"Зал 4";183;"1";"0";"0";"0"
5906;5482;"Зал 5";273;"1";"0";"0";"0"
5907;5482;"Зал 6 Dolby Atmos зал";455;"1";"0";"0";"0"
5908;5482;"Зал 7";264;"1";"0";"0";"0"
5909;5482;"КОМФОРТ зал";89;"1";"0";"0";"0"
5991;5496;"Зал 1";100;"1";"0";"0";"0"
5992;5496;"Зал 2";100;"1";"0";"0";"0"
5993;5496;"Зал 3";100;"1";"0";"0";"0"
5994;5496;"Зал 4";100;"1";"0";"0";"0"
5995;5496;"Зал 5";100;"1";"0";"0";"0"
5996;5496;"Зал 6";100;"1";"0";"0";"0"
5997;5496;"Зал 7";100;"1";"0";"0";"0"
5998;5496;"Зал 8";100;"1";"0";"0";"0"
6069;2271;"Зал IMAX 2D";0;"1";"1";"0";"0"
6121;1817;"05";50;"1";"0";"0";"0"
6122;1817;"06";54;"1";"0";"0";"0"
6136;5536;"1";59;"0";"0";"0";"0"
6137;5536;"2";53;"0";"0";"0";"0"
6138;5536;"3";105;"0";"0";"0";"0"
6139;5536;"4";60;"0";"0";"0";"0"
6140;5536;"5";36;"0";"0";"0";"0"
6141;5536;"6";47;"0";"0";"0";"0"
6142;5536;"7";47;"0";"0";"0";"0"
6143;5536;"8";47;"0";"0";"0";"0"
6144;5536;"9";47;"0";"0";"0";"0"
6145;5536;"10";48;"0";"0";"0";"0"
6147;2151;"Зал №5";311;"1";"0";"0";"0"
6151;5544;"Зал 1";395;"1";"0";"0";"0"
6152;5544;"Зал 2";204;"1";"0";"0";"0"
6153;5544;"Зал 3";204;"1";"0";"0";"0"
6154;5544;"Зал 4";204;"1";"0";"0";"0"
6155;5544;"Зал 5";204;"1";"0";"0";"0"
6156;5544;"Зал 6";204;"1";"0";"0";"0"
6157;5544;"Зал 7";120;"1";"0";"0";"0"
6158;5544;"Зал 8";222;"1";"0";"0";"0"
6159;5544;"Зал 9";222;"1";"0";"0";"0"
6160;5544;"Зал 10";202;"1";"0";"0";"0"
6168;5548;"Зал 1";106;"1";"0";"0";"0"
6169;5548;"Зал 2";106;"1";"0";"0";"0"
6170;5548;"Зал 3";233;"1";"0";"0";"0"
6171;5548;"Зал 4";183;"1";"0";"0";"0"
6172;5548;"Зал 5";219;"1";"0";"0";"0"
6173;5548;"Зал 6";135;"1";"0";"0";"0"
6174;5548;"Зал 7";135;"1";"0";"0";"0"
6175;5549;"1";125;"1";"0";"0";"0"
6176;5549;"2";125;"1";"0";"0";"0"
6177;5549;"3";125;"1";"0";"0";"0"
6178;5549;"4";125;"1";"0";"0";"0"
6203;5383;"5";77;"1";"0";"0";"0"
6267;5614;"Зал 1";219;"1";"0";"0";"0"
6268;5614;"Зал 2";219;"1";"0";"0";"0"
6269;5614;"Зал 3";423;"1";"0";"0";"0"
6270;5614;"Зал 4";423;"1";"0";"0";"0"
6271;5614;"Зал 5";232;"1";"0";"0";"0"
6272;5614;"Зал 6";232;"1";"0";"0";"0"
6273;5614;"Зал 7";163;"1";"0";"0";"0"
6274;5614;"Зал 8";183;"1";"0";"0";"0"
6275;5614;"Зал 9";174;"1";"0";"0";"0"
6276;5614;"Зал 10";232;"1";"0";"0";"0"
6277;5614;"Зал 11";232;"1";"0";"0";"0"
6278;5614;"Зал 12";232;"1";"0";"0";"0"
6279;5614;"Зал 13";165;"1";"0";"0";"0"
6280;5614;"Зал 14";165;"1";"0";"0";"0"
6281;5614;"Зал 15";203;"1";"0";"0";"0"
6282;5614;"Зал 16";203;"1";"0";"0";"0"
6283;5614;"Зал 17";78;"1";"0";"0";"0"
6284;5614;"Зал 18";75;"1";"0";"0";"0"
6285;5614;"Зал 19";99;"1";"0";"0";"0"
6286;5614;"Зал 20";50;"1";"0";"0";"0"
6287;5614;"Зал 21";50;"1";"0";"0";"0"
6288;5614;"Зал 22";495;"1";"0";"0";"0"
6308;5626;"Зал VIP";48;"1";"0";"0";"0"
6309;5626;"Зал 2";123;"0";"0";"0";"0"
6310;5626;"Зал 3";123;"0";"0";"0";"0"
6311;5626;"Зал 4";123;"0";"0";"0";"0"
6312;5626;"Зал 5";122;"0";"0";"0";"0"
6313;5626;"Зал 6";258;"1";"0";"0";"0"
6471;5736;"Зал 1";295;"1";"0";"0";"0"
6472;5736;"Зал 2";262;"1";"0";"0";"0"
6473;5736;"Зал 3";185;"1";"0";"0";"0"
6474;5736;"Зал 4";239;"1";"0";"0";"0"
6475;5736;"Зал 5";228;"1";"0";"0";"0"
6476;5736;"Зал 6";110;"1";"0";"0";"0"
6477;5736;"Зал 7";195;"1";"0";"0";"0"
6697;5896;"Зал 1";334;"1";"0";"0";"0"
6698;5896;"Зал 2";334;"1";"0";"0";"0"
6699;5896;"Зал 3";334;"1";"0";"0";"0"
6700;5896;"Зал 4";41;"1";"0";"0";"0"
6701;5896;"Зал 5";41;"1";"0";"0";"0"
6702;5896;"Зал 6";42;"1";"0";"0";"0"
6703;5896;"Зал 7";219;"1";"0";"0";"0"
6704;5896;"Зал 8";219;"1";"0";"0";"0"
6705;5896;"Зал 9";175;"1";"0";"0";"0"
6706;5896;"Зал 10";175;"1";"0";"0";"0"
6707;5896;"Зал 11";219;"1";"0";"0";"0"
6708;5896;"Зал 12";223;"1";"0";"0";"0"
6709;5896;"Зал 13";221;"1";"0";"0";"0"
6710;5896;"Зал 14";203;"1";"0";"0";"0"
6711;5896;"Зал 15";223;"1";"0";"0";"0"
6712;5896;"Зал 16";223;"1";"0";"0";"0"
6713;5896;"Зал 17";135;"1";"0";"0";"0"
6721;1820;"07";21;"1";"0";"0";"0"
6722;1820;"08";27;"1";"0";"0";"0"
7023;6100;"Зал 1";253;"1";"0";"0";"0"
7024;6100;"Зал 2";204;"1";"0";"0";"0"
7025;6100;"Зал 3";110;"1";"0";"0";"0"
7026;6100;"Зал 4";102;"1";"0";"0";"0"
7027;6100;"Зал IMAX";427;"1";"1";"0";"0"
7028;6100;"Зал 6";172;"1";"0";"0";"0"
7029;6100;"Зал 7";211;"1";"0";"0";"0"
7030;6100;"Зал 8 VIP";59;"1";"0";"0";"0"
7031;6100;"Зал 9 VIP";54;"1";"0";"0";"0"
7032;6101;"Зал 1 VIP";50;"1";"0";"0";"0"
7033;6101;"Зал 2 VIP";56;"1";"0";"0";"0"
7034;6101;"Зал 3";222;"1";"0";"0";"0"
7035;6101;"Зал 4";220;"1";"0";"0";"0"
7036;6101;"Зал 5";72;"1";"0";"0";"0"
7037;6101;"Зал 6";280;"1";"0";"0";"0"
7038;6101;"Зал IMAX";415;"1";"1";"0";"0"
7039;6101;"Зал 8";157;"1";"0";"0";"0"
7040;6101;"Зал 9";261;"1";"0";"0";"0"
7041;6101;"Зал 10";268;"1";"0";"0";"0"
7042;6101;"Зал 11";185;"1";"0";"0";"0"
7043;6101;"Зал 12";252;"1";"0";"0";"0"
7044;6101;"Зал 13";283;"1";"0";"0";"0"
7223;6210;"01";324;"1";"0";"0";"0"
7224;6210;"02";160;"1";"0";"0";"0"
7225;6210;"03";115;"1";"0";"0";"0"
7226;6210;"04";56;"1";"0";"0";"0"
7227;6210;"05";409;"1";"1";"0";"0"
7228;6210;"06";135;"1";"0";"0";"0"
7229;6210;"07";184;"1";"0";"0";"0"
7230;6210;"08";273;"1";"0";"0";"0"
7231;6210;"09";264;"1";"0";"0";"0"
7232;6210;"10";194;"1";"0";"0";"0"
7237;6214;"1";134;"1";"0";"0";"0"
7238;6214;"2";134;"1";"0";"0";"0"
7239;6214;"3";134;"1";"0";"0";"0"
7240;6214;"4";134;"1";"0";"0";"0"
7241;6214;"5";134;"1";"0";"0";"0"
7364;6293;"1";119;"1";"0";"0";"0"
7365;6293;"2";119;"1";"0";"0";"0"
7366;6293;"3";112;"1";"0";"0";"0"
7367;6293;"4";88;"1";"0";"0";"0"
7368;6293;"5";86;"1";"0";"0";"0"
7369;6293;"VIP";24;"1";"0";"0";"0"
7432;6318;"01";359;"1";"1";"0";"0"
7433;6318;"02";201;"1";"0";"0";"0"
7434;6318;"03";176;"1";"0";"0";"0"
7435;6318;"04";214;"1";"0";"0";"0"
7436;6318;"05";54;"1";"0";"0";"0"
7437;6318;"06";125;"1";"0";"0";"0"
7438;6318;"07";161;"1";"0";"0";"0"
7439;6318;"08";148;"1";"0";"0";"0"
7440;6319;"01";338;"1";"0";"0";"0"
7441;6319;"02";186;"1";"0";"0";"0"
7442;6319;"03";186;"1";"0";"0";"0"
7443;6319;"04";277;"1";"0";"0";"0"
7444;6319;"05";241;"1";"0";"0";"0"
7445;6319;"06";113;"1";"0";"0";"0"
7446;6319;"07";118;"1";"0";"0";"0"
7447;6319;"08";54;"1";"0";"0";"0"
7449;6321;"1";71;"1";"0";"0";"0"
7450;6321;"2";99;"1";"0";"0";"0"
7451;6321;"3";99;"1";"0";"0";"0"
7452;6321;"4";99;"1";"0";"0";"0"
7453;6321;"5";99;"1";"0";"0";"0"
7454;6321;"6";77;"1";"0";"0";"0"
7455;6321;"VIP";17;"1";"0";"0";"0"
7711;6441;"01";102;"1";"0";"0";"0"
7712;6441;"02";102;"1";"0";"0";"0"
7713;6441;"03";48;"1";"0";"0";"0"
7714;6441;"04";271;"1";"0";"0";"0"
7715;6441;"05";113;"1";"0";"0";"0"
7716;6441;"06";133;"1";"0";"0";"0"
7717;6441;"07";199;"1";"0";"0";"0"
7718;6441;"08";99;"1";"0";"0";"0"
7719;6441;"09";86;"1";"0";"0";"0"
8082;1321;"8";112;"0";"0";"0";"0"
8269;6882;"01";263;"0";"1";"0";"0"
8270;6882;"02";143;"1";"0";"0";"0"
8271;6882;"03";143;"1";"0";"0";"0"
8272;6882;"04";143;"1";"0";"0";"0"
8273;6882;"05";100;"0";"0";"0";"0"
8274;6882;"06";109;"0";"0";"0";"0"
8275;6882;"07";109;"0";"0";"0";"0"
8276;6882;"08";48;"0";"0";"0";"0"
8306;6908;"01";52;"0";"0";"0";"0"
8307;6908;"02";165;"1";"0";"0";"0"
8308;6908;"03";109;"1";"0";"0";"0"
8309;6908;"04";70;"0";"0";"0";"0"
8367;6941;"1";125;"1";"0";"0";"0"
8368;6941;"2";131;"1";"0";"0";"0"
8369;6941;"3";131;"0";"0";"0";"0"
8370;6941;"4";87;"0";"0";"0";"0"
8371;6941;"VIP";18;"1";"0";"0";"0"
8560;5626;"Зал IMAX";394;"0";"1";"0";"0"
8561;5626;"Зал 8";169;"1";"0";"0";"0"
8562;5626;"Зал 9";175;"0";"0";"0";"0"
8594;7078;"Зал 1";145;"0";"0";"0";"0"
8595;7078;"Зал 2";101;"0";"0";"0";"0"
8596;7078;"Зал 3";145;"0";"0";"0";"0"
8597;7078;"Зал 4 VIP";53;"1";"0";"0";"0"
8598;7078;"Зал 5 VIP";53;"1";"0";"0";"0"
8599;7078;"Зал 6";178;"0";"0";"0";"0"
8600;7078;"Зал 7 Премьер";339;"1";"0";"0";"0"
8601;7078;"Зал 8";254;"1";"0";"0";"0"
8602;7078;"Зал 9";208;"0";"0";"0";"0"
8603;7078;"Детский зал";108;"0";"0";"0";"0"
8604;7078;"Зал 11";108;"0";"0";"0";"0"
8605;7078;"Зал 12";243;"0";"0";"0";"0"
8606;7078;"Зал 13 D-Box";222;"1";"0";"0";"0"
8641;7109;"01";156;"0";"0";"0";"0"
8642;7109;"02";155;"0";"0";"0";"0"
8643;7109;"03";203;"1";"0";"0";"0"
8644;7109;"04";127;"0";"0";"0";"0"
8645;7109;"05";127;"1";"0";"0";"0"
8646;7109;"06";127;"0";"0";"0";"0"
8813;7257;"01";179;"0";"0";"0";"0"
8814;7257;"02";179;"0";"0";"0";"0"
8815;7257;"03";179;"0";"0";"0";"0"
8816;7257;"04";124;"1";"0";"0";"0"
8817;7257;"05";76;"0";"0";"0";"0"
8818;7257;"06";179;"1";"0";"0";"0"
8819;7257;"07";179;"1";"0";"0";"0"
8820;7257;"08";298;"1";"1";"0";"0"
8827;7267;"Зал №1 Black";50;"1";"0";"0";"0"
8828;7267;"Зал №2 Black";50;"1";"0";"0";"0"
8829;7267;"Зал №3 LUXE";292;"1";"0";"0";"0"
8830;7267;"Зал №4 LUXE";359;"1";"0";"0";"0"
8831;7267;"Зал №5";196;"1";"0";"0";"0"
8832;7267;"Зал №6";190;"0";"0";"0";"0"
8833;7267;"Зал №7";223;"1";"0";"0";"0"
8834;7267;"Зал №8";221;"0";"0";"0";"0"
8835;7267;"Зал №9";221;"1";"0";"0";"0"
8836;7267;"Зал №10";231;"1";"0";"0";"0"
8837;7267;"Зал №11";86;"0";"0";"0";"0"
8839;7269;"01";47;"0";"0";"0";"0"
8840;7269;"02";171;"1";"0";"0";"0"
8841;7269;"03";134;"1";"0";"0";"0"
8842;7269;"04";90;"1";"0";"0";"0"
8843;7269;"05";80;"0";"0";"0";"0"
8844;7269;"06";69;"0";"0";"0";"0"
8845;7269;"07";64;"0";"0";"0";"0"
8846;7269;"08";36;"1";"0";"0";"0"
8847;7270;"01";103;"0";"0";"0";"0"
8848;7270;"02";201;"0";"0";"0";"0"
8849;7270;"03";201;"0";"0";"0";"0"
8850;7270;"04";441;"1";"1";"0";"0"
8851;7270;"05";166;"1";"0";"0";"0"
8852;7270;"06";172;"1";"0";"0";"0"
8853;7270;"07";139;"1";"0";"0";"0"
8854;7270;"08";108;"0";"0";"0";"0"
8879;7287;"01";301;"1";"0";"0";"0"
8880;7287;"02";301;"1";"0";"0";"0"
8881;7287;"03";299;"1";"0";"0";"0"
8882;7287;"05";90;"0";"0";"0";"0"
8883;7287;"06";90;"0";"0";"0";"0"
8884;7287;"07";90;"0";"0";"0";"0"
8885;7287;"08";90;"0";"0";"0";"0"
8886;7287;"09";170;"0";"0";"0";"0"
8887;7287;"10";171;"0";"0";"0";"0"
8888;7287;"11";71;"0";"1";"0";"0"
8889;7287;"12";170;"0";"0";"0";"0"
8890;7287;"04";1;"0";"0";"0";"0"
8891;7288;"01";192;"0";"1";"0";"0"
8892;7288;"02";141;"1";"0";"0";"0"
8893;7288;"03";141;"1";"0";"0";"0"
8894;7288;"04";102;"0";"0";"0";"0"
8895;7288;"05";102;"0";"0";"0";"0"
8896;7288;"06";122;"0";"0";"0";"0"
8897;7288;"07";141;"0";"0";"0";"0"
8898;7288;"08";141;"0";"0";"0";"0"
8899;7288;"09";141;"1";"0";"0";"0"
8900;7288;"10";141;"1";"0";"0";"0"
8901;7288;"11";115;"1";"0";"0";"0"
8903;7289;"Зал №1 IMAX";305;"0";"1";"0";"0"
8904;7289;"Зал № 2 Black";40;"1";"0";"0";"0"
8905;7289;"Зал № 3 Black";40;"1";"0";"0";"0"
8906;7289;"Зал № 4";218;"1";"0";"0";"0"
8907;7289;"Зал № 5";205;"0";"0";"0";"0"
8908;7289;"Зал № 6";183;"0";"0";"0";"0"
8909;7289;"Зал № 7";218;"1";"0";"0";"0"
8910;7289;"Зал № 8";218;"1";"0";"0";"0"
8911;7289;"Зал № 9";218;"0";"0";"0";"0"
8912;7289;"Зал № 10";232;"0";"0";"0";"0"
8913;7289;"Зал № 11";196;"1";"0";"0";"0"
8914;7289;"Зал № 12";174;"0";"0";"0";"0"
8915;7289;"Зал № 13";218;"1";"0";"0";"0"
8958;7320;"01";374;"1";"1";"0";"0"
8959;7320;"02";182;"1";"0";"0";"0"
8960;7320;"03";148;"1";"0";"0";"0"
8961;7320;"04";201;"1";"0";"0";"0"
8962;7320;"05";201;"1";"0";"0";"0"
8963;7320;"06";127;"1";"0";"0";"0"
8964;7320;"07";127;"0";"0";"0";"0"
8965;7320;"08";163;"1";"0";"0";"0"
8966;7321;"01";107;"0";"0";"0";"0"
8967;7321;"02";157;"1";"0";"0";"0"
8968;7321;"03";157;"1";"0";"0";"0"
8969;7321;"04";107;"0";"0";"0";"0"
8997;7335;"01";278;"1";"0";"0";"0"
8998;7335;"02";100;"1";"0";"0";"0"
8999;7335;"03";100;"1";"0";"0";"0"
9000;7335;"04";100;"1";"0";"0";"0"
9001;7335;"05";100;"1";"0";"0";"0"
9002;7335;"06";64;"0";"0";"0";"0"
9003;7335;"07";64;"0";"0";"0";"0"
9004;7335;"08";64;"0";"0";"0";"0"
9005;7335;"09";62;"1";"0";"0";"0"
9006;7335;"10";64;"1";"0";"0";"0"
9007;7335;"11";84;"1";"0";"0";"0"
9008;7335;"12";83;"1";"0";"0";"0"
9009;7336;"01";170;"1";"0";"0";"0"
9010;7336;"02";63;"1";"0";"0";"0"
9019;7345;"01";265;"1";"0";"0";"0"
9020;7345;"02";230;"0";"0";"0";"0"
9021;7345;"03";239;"1";"0";"0";"0"
9022;7345;"04";233;"1";"0";"0";"0"
9023;7345;"05";232;"0";"0";"0";"0"
9024;7345;"06";122;"0";"0";"0";"0"
9025;7345;"07";122;"0";"0";"0";"0"
9026;7345;"08";167;"0";"0";"0";"0"
9027;7345;"09";196;"0";"0";"0";"0"
9028;7345;"10";23;"1";"0";"0";"0"
9030;7347;"01";95;"0";"0";"0";"0"
9031;7347;"02";102;"0";"0";"0";"0"
9032;7347;"03";116;"0";"0";"0";"0"
9033;7347;"04";116;"0";"0";"0";"0"
9034;7347;"05";107;"1";"0";"0";"0"
9035;7347;"06";109;"1";"0";"0";"0"
9036;7347;"07";265;"1";"0";"0";"0"
9037;7347;"08";112;"1";"0";"0";"0"
9053;7359;"01";189;"1";"0";"0";"0"
9054;7359;"02";194;"0";"0";"0";"0"
9055;7359;"03";383;"1";"0";"0";"0"
9056;7359;"04";117;"0";"0";"0";"0"
9057;7359;"05";121;"0";"0";"0";"0"
9058;7359;"06";220;"1";"0";"0";"0"
9059;7359;"07";212;"1";"0";"0";"0"
9060;7360;"01";139;"1";"0";"0";"0"
9061;7360;"02";89;"0";"0";"0";"0"
9062;7360;"03";139;"1";"0";"0";"0"
9063;7360;"04";139;"1";"0";"0";"0"
9064;7360;"05";89;"0";"0";"0";"0"
9065;7360;"06";139;"1";"0";"0";"0"
9066;7360;"07";137;"0";"0";"0";"0"
9067;7360;"08";139;"1";"0";"0";"0"
9068;7361;"01";179;"1";"0";"0";"0"
9069;7361;"02";178;"1";"0";"0";"0"
9070;7361;"03";134;"1";"0";"0";"0"
9071;7361;"04";104;"0";"0";"0";"0"
9072;7361;"05";105;"0";"0";"0";"0"
9073;7361;"06";121;"0";"0";"0";"0"
9087;7372;"01";128;"1";"0";"0";"0"
9088;7372;"02";254;"1";"0";"0";"0"
9089;7372;"03";134;"1";"0";"0";"0"
9090;7372;"04";135;"1";"0";"0";"0"
9091;7372;"05";134;"1";"0";"0";"0"
9092;7372;"06";133;"0";"0";"0";"0"
9093;7373;"01";344;"1";"1";"0";"0"
9094;7373;"02";128;"1";"0";"0";"0"
9095;7373;"03";128;"0";"0";"0";"0"
9096;7373;"04";186;"1";"0";"0";"0"
9097;7373;"05";137;"1";"0";"0";"0"
9098;7373;"06";222;"1";"0";"0";"0"
9099;7373;"07";219;"1";"0";"0";"0"
9100;7374;"01";151;"1";"0";"0";"0"
9101;7374;"02";147;"0";"0";"0";"0"
9102;7374;"03";145;"0";"0";"0";"0"
9103;7374;"04";258;"1";"0";"0";"0"
9104;7374;"05";258;"1";"0";"0";"0"
9105;7374;"06";108;"0";"0";"0";"0"
9106;7374;"07";107;"0";"0";"0";"0"
9107;7374;"08";109;"0";"0";"0";"0"
9128;7390;"01";204;"1";"0";"0";"0"
9129;7390;"02";204;"1";"0";"0";"0"
9130;7390;"03";204;"1";"0";"0";"0"
9131;7390;"04";84;"0";"0";"0";"0"
9132;7390;"05";84;"0";"0";"0";"0"
9133;7390;"06";84;"1";"0";"0";"0"
9134;7390;"07";83;"0";"0";"0";"0"
9135;7390;"08";84;"0";"0";"0";"0"
9136;7390;"09";84;"0";"0";"0";"0"
9137;7391;"01";67;"0";"0";"0";"0"
9138;7391;"02";224;"1";"0";"0";"0"
9139;7391;"03";124;"1";"0";"0";"0"
9140;7391;"04";97;"1";"0";"0";"0"
9141;7391;"05";99;"0";"0";"0";"0"
9142;7391;"06";142;"1";"0";"0";"0"
9143;7391;"07";209;"1";"0";"0";"0"
9144;7391;"08";43;"0";"0";"0";"0"
9145;7392;"01";57;"0";"0";"0";"0"
9146;7392;"02";115;"0";"0";"0";"0"
9147;7392;"03";68;"0";"0";"0";"0"
9148;7392;"04";155;"1";"0";"0";"0"
9149;7392;"05";115;"1";"0";"0";"0"
9150;7392;"06";115;"1";"0";"0";"0"
9151;7392;"07";115;"1";"0";"0";"0"
9152;7392;"08";115;"0";"0";"0";"0"
9153;7392;"09";155;"1";"0";"0";"0"
9154;7392;"10";68;"0";"0";"0";"0"
9155;7392;"11";114;"0";"0";"0";"0"
9156;7392;"12";115;"0";"0";"0";"0"
9181;7417;"01";228;"1";"0";"0";"0"
9182;7417;"02";172;"1";"0";"0";"0"
9183;7417;"03";172;"1";"0";"0";"0"
9184;7417;"04";152;"0";"0";"0";"0"
9185;7417;"05";150;"1";"0";"0";"0"
9186;7417;"06";172;"1";"0";"0";"0"
9187;7417;"07";119;"0";"0";"0";"0"
9188;7418;"01";55;"1";"0";"0";"0"
9189;7418;"02";59;"1";"0";"0";"0"
9190;7418;"03";59;"1";"0";"0";"0"
9191;7418;"04";59;"0";"0";"0";"0"
9192;7418;"05";59;"0";"0";"0";"0"
9194;7420;"01";165;"1";"0";"0";"0"
9195;7420;"02";165;"1";"0";"0";"0"
9196;7420;"03";161;"0";"0";"0";"0"
9197;7420;"04";133;"0";"0";"0";"0"
9198;7420;"05";132;"0";"0";"0";"0"
9199;7420;"06";152;"1";"0";"0";"0"
9200;7420;"07";132;"1";"0";"0";"0"
9201;7420;"08";163;"1";"0";"0";"0"
9229;7444;"01";161;"1";"0";"0";"0"
9230;7444;"02";185;"1";"0";"0";"0"
9231;7444;"03";185;"1";"0";"0";"0"
9232;7444;"04";116;"1";"0";"0";"0"
9233;7444;"05";116;"0";"0";"0";"0"
9234;7445;"01";109;"1";"0";"0";"0"
9235;7445;"02";112;"0";"0";"0";"0"
9236;7445;"03";107;"0";"0";"0";"0"
9237;7445;"04";112;"1";"0";"0";"0"
9238;7445;"05";109;"0";"0";"0";"0"
9239;7445;"06";114;"1";"0";"0";"0"
9240;7445;"07";130;"0";"0";"0";"0"
9241;7445;"08";138;"1";"0";"0";"0"
9242;7445;"09";263;"1";"0";"0";"0"
9243;7445;"10";113;"1";"0";"0";"0"
9252;7452;"01";65;"1";"0";"0";"0"
9253;7452;"02";65;"0";"0";"0";"0"
9254;7452;"03";44;"0";"0";"0";"0"
9255;7452;"04";283;"1";"0";"0";"0"
9256;7452;"06";200;"1";"0";"0";"0"
9257;7452;"07";200;"1";"0";"0";"0"
9258;7452;"08";120;"0";"0";"0";"0"
9259;7452;"09";47;"1";"0";"0";"0"
9260;7452;"05";158;"0";"0";"0";"0"
9303;7484;"01";72;"1";"0";"0";"0"
9304;7484;"02";72;"0";"0";"0";"0"
9305;7484;"03";132;"1";"0";"0";"0"
9306;7484;"04";151;"1";"0";"0";"0"
9307;7484;"05";249;"1";"0";"0";"0"
9308;7484;"06";162;"1";"0";"0";"0"
9309;7484;"07";132;"0";"0";"0";"0"
9355;7518;"01";128;"0";"0";"0";"0"
9356;7518;"02";81;"0";"0";"0";"0"
9357;7518;"03";105;"0";"0";"0";"0"
9358;7518;"04";183;"1";"0";"0";"0"
9359;7518;"05";303;"1";"0";"0";"0"
9360;7518;"06";123;"1";"0";"0";"0"
9361;7518;"07";114;"0";"0";"0";"0"
9362;7518;"08";183;"0";"0";"0";"0"
9363;7518;"09";134;"0";"0";"0";"0"
9395;7372;"07";42;"0";"0";"0";"0"
9455;7559;"Зал Atmos";245;"1";"0";"0";"0"
9456;7559;"Зал 2";130;"1";"0";"0";"0"
9457;7559;"Зал 3";120;"0";"0";"0";"0"
9458;7559;"Зал 4";120;"0";"0";"0";"0"
9459;7559;"Зал 5";120;"1";"0";"0";"0"
9460;7559;"Зал 6 VIP";44;"1";"0";"0";"0"
9589;1584;"ЗАЛ №12";20;"0";"0";"0";"0"
9603;1787;"11";24;"0";"0";"0";"0"
9650;7667;"Зал 5 Премьер";182;"0";"0";"0";"0"
9651;7667;"Зал 6 DolbyAtmos";164;"1";"0";"0";"0"
9652;7667;"Зал 7";136;"0";"0";"0";"0"
9653;7667;"Зал 8";136;"0";"0";"0";"0"
9654;7667;"Зал 9";66;"0";"0";"0";"0"
9655;7667;"Зал 10";118;"0";"0";"0";"0"
9656;7667;"Зал 11";152;"1";"0";"0";"0"
9657;7667;"Зал IMAX лазер";592;"0";"1";"0";"0"
9658;7667;"Зал 4";75;"0";"0";"0";"0"
9659;7667;"Зал 2 VIP";32;"0";"0";"0";"0"
9660;7667;"Зал 3 VIP";42;"1";"0";"0";"0"
9877;7803;"Зал 1";175;"0";"0";"0";"0"
9878;7803;"Зал 2 Комфорт";72;"1";"0";"0";"0"
9879;7803;"Зал 3";84;"0";"0";"0";"0"
9880;7803;"Зал 4";84;"0";"0";"0";"0"
9881;7803;"Зал 5";84;"0";"0";"0";"0"
9882;7803;"Зал 6 Детский";45;"0";"0";"0";"0"
9883;7803;"Зал 7 IMAX";386;"0";"1";"0";"0"
9884;7803;"Зал 8 Atmos";148;"1";"0";"0";"0"
9885;7803;"Зал 9 VIP";26;"1";"0";"0";"0"
9886;7803;"Зал 10 VIP";52;"0";"0";"0";"0"
